date,model,feature,shap_value,y_true
1990-01-01,LINREG,BUSLOANS,0.004462109180333247,1.0
1990-01-01,LINREG,CPIAUCSL,-0.003987117964662105,1.0
1990-01-01,LINREG,DPCERA3M086SBEA,-0.11097872884243368,1.0
1990-01-01,LINREG,INDPRO,0.00435447917862363,1.0
1990-01-01,LINREG,M2SL,-0.010144228133070999,1.0
1990-01-01,LINREG,OILPRICEX,-0.019852564269487716,1.0
1990-01-01,LINREG,RPI,0.028428663454652964,1.0
1990-01-01,LINREG,SP500,0.18072445281775185,1.0
1990-01-01,LINREG,TB3MS,-0.0070050410188480915,1.0
1990-01-01,LINREG,UNRATE_lag12,-0.06817474940260435,1.0
1990-01-01,LINREG,USREC,0.038513824917307905,1.0
1990-02-01,LINREG,BUSLOANS,0.00518978397856806,1.3
1990-02-01,LINREG,CPIAUCSL,0.0004776219275990277,1.3
1990-02-01,LINREG,DPCERA3M086SBEA,-0.010253213384873982,1.3
1990-02-01,LINREG,INDPRO,-0.03267175712564293,1.3
1990-02-01,LINREG,M2SL,-0.01337538839488361,1.3
1990-02-01,LINREG,OILPRICEX,-0.008774659491885535,1.3
1990-02-01,LINREG,RPI,0.009074143314339754,1.3
1990-02-01,LINREG,SP500,0.2152604774500446,1.3
1990-02-01,LINREG,TB3MS,0.0037305992228969264,1.3
1990-02-01,LINREG,UNRATE_lag12,-0.12578014424739967,1.3
1990-02-01,LINREG,USREC,0.03857983272199075,1.3
1990-03-01,LINREG,BUSLOANS,0.0005655939466464416,1.6
1990-03-01,LINREG,CPIAUCSL,0.004624663747821989,1.6
1990-03-01,LINREG,DPCERA3M086SBEA,0.07821124257405206,1.6
1990-03-01,LINREG,INDPRO,-0.029863150542547925,1.6
1990-03-01,LINREG,M2SL,-0.02014582411413674,1.6
1990-03-01,LINREG,OILPRICEX,0.02292769538525071,1.6
1990-03-01,LINREG,RPI,0.007758555495420025,1.6
1990-03-01,LINREG,SP500,0.21814502922442297,1.6
1990-03-01,LINREG,TB3MS,0.05039578353424385,1.6
1990-03-01,LINREG,UNRATE_lag12,-0.18146914021815702,1.6
1990-03-01,LINREG,USREC,0.03880317651575922,1.6
1990-04-01,LINREG,BUSLOANS,-0.0024168145117052326,1.3
1990-04-01,LINREG,CPIAUCSL,-0.00046816160028471834,1.3
1990-04-01,LINREG,DPCERA3M086SBEA,0.13895484644932463,1.3
1990-04-01,LINREG,INDPRO,-0.046202100761098416,1.3
1990-04-01,LINREG,M2SL,-0.01366154985541866,1.3
1990-04-01,LINREG,OILPRICEX,0.08095912214250385,1.3
1990-04-01,LINREG,RPI,-0.028724044349024407,1.3
1990-04-01,LINREG,SP500,0.10875732738546458,1.3
1990-04-01,LINREG,TB3MS,0.020404783770455157,1.3
1990-04-01,LINREG,UNRATE_lag12,-0.03616551691511451,1.3
1990-04-01,LINREG,USREC,0.03883353514888026,1.3
1990-05-01,LINREG,BUSLOANS,0.0009730983300447671,1.5
1990-05-01,LINREG,CPIAUCSL,0.009797315235968444,1.5
1990-05-01,LINREG,DPCERA3M086SBEA,0.058011805604792514,1.5
1990-05-01,LINREG,INDPRO,-0.006148971428255236,1.5
1990-05-01,LINREG,M2SL,-0.011045280384179018,1.5
1990-05-01,LINREG,OILPRICEX,0.08912378208781942,1.5
1990-05-01,LINREG,RPI,0.01159738749821231,1.5
1990-05-01,LINREG,SP500,-0.17581327332262361,1.5
1990-05-01,LINREG,TB3MS,-0.007035454699345658,1.5
1990-05-01,LINREG,UNRATE_lag12,-0.09163247548629781,1.5
1990-05-01,LINREG,USREC,0.039084919493512685,1.5
1990-06-01,LINREG,BUSLOANS,0.0012925442099530158,1.7
1990-06-01,LINREG,CPIAUCSL,0.02220823638599926,1.7
1990-06-01,LINREG,DPCERA3M086SBEA,0.06379840613554691,1.7
1990-06-01,LINREG,INDPRO,0.004559927976531942,1.7
1990-06-01,LINREG,M2SL,-0.0025907162719084097,1.7
1990-06-01,LINREG,OILPRICEX,0.04869130782582054,1.7
1990-06-01,LINREG,RPI,0.00484275024766605,1.7
1990-06-01,LINREG,SP500,-0.19349658685112842,1.7
1990-06-01,LINREG,TB3MS,-0.04251150657979056,1.7
1990-06-01,LINREG,UNRATE_lag12,-0.006937574699557781,1.7
1990-06-01,LINREG,USREC,0.03896406776375781,1.7
1990-07-01,LINREG,BUSLOANS,-0.002027585164640625,1.3
1990-07-01,LINREG,CPIAUCSL,-0.00421323285765409,1.3
1990-07-01,LINREG,DPCERA3M086SBEA,0.06158672982709643,1.3
1990-07-01,LINREG,INDPRO,-0.0014525383131492049,1.3
1990-07-01,LINREG,M2SL,-0.00038199952840602884,1.3
1990-07-01,LINREG,OILPRICEX,-0.057249349053479254,1.3
1990-07-01,LINREG,RPI,0.03636445798744914,1.3
1990-07-01,LINREG,SP500,-0.19000783114765563,1.3
1990-07-01,LINREG,TB3MS,-0.03806244401782001,1.3
1990-07-01,LINREG,UNRATE_lag12,-0.03401180829051312,1.3
1990-07-01,LINREG,USREC,0.03872555601437626,1.3
1990-08-01,LINREG,BUSLOANS,-0.0008523594585882953,1.2
1990-08-01,LINREG,CPIAUCSL,-0.03075761019589105,1.2
1990-08-01,LINREG,DPCERA3M086SBEA,0.04053067702259398,1.2
1990-08-01,LINREG,INDPRO,-0.004513726424177585,1.2
1990-08-01,LINREG,M2SL,0.0010619924258124076,1.2
1990-08-01,LINREG,OILPRICEX,-0.16060559132735863,1.2
1990-08-01,LINREG,RPI,0.09177590201699515,1.2
1990-08-01,LINREG,SP500,0.33396720630636184,1.2
1990-08-01,LINREG,TB3MS,-0.06709827439080823,1.2
1990-08-01,LINREG,UNRATE_lag12,-0.08945817593071827,1.2
1990-08-01,LINREG,USREC,-0.3643140416308948,1.2
1990-09-01,LINREG,BUSLOANS,-0.0022120437867460597,1.0
1990-09-01,LINREG,CPIAUCSL,-0.03136244849488408,1.0
1990-09-01,LINREG,DPCERA3M086SBEA,0.1148594289392944,1.0
1990-09-01,LINREG,INDPRO,0.0182401166246567,1.0
1990-09-01,LINREG,M2SL,-0.00027138147115857305,1.0
1990-09-01,LINREG,OILPRICEX,-0.20204816568784115,1.0
1990-09-01,LINREG,RPI,0.1102379542230589,1.0
1990-09-01,LINREG,SP500,0.6610906105856359,1.0
1990-09-01,LINREG,TB3MS,-0.08360709652396936,1.0
1990-09-01,LINREG,UNRATE_lag12,-0.006454990994846966,1.0
1990-09-01,LINREG,USREC,-0.36027146465483745,1.0
1990-10-01,LINREG,BUSLOANS,-0.0005571030303782269,1.1
1990-10-01,LINREG,CPIAUCSL,-0.03191971413193199,1.1
1990-10-01,LINREG,DPCERA3M086SBEA,0.2688127442025911,1.1
1990-10-01,LINREG,INDPRO,0.04774112742308947,1.1
1990-10-01,LINREG,M2SL,-0.0008073489574460411,1.1
1990-10-01,LINREG,OILPRICEX,-0.20013424632757576,1.1
1990-10-01,LINREG,RPI,0.20215773167391604,1.1
1990-10-01,LINREG,SP500,0.762434377170158,1.1
1990-10-01,LINREG,TB3MS,-0.10049717705980728,1.1
1990-10-01,LINREG,UNRATE_lag12,-0.006369643996220763,1.1
1990-10-01,LINREG,USREC,-0.3556414078542678,1.1
1990-11-01,LINREG,BUSLOANS,-0.0007929893956162969,0.8
1990-11-01,LINREG,CPIAUCSL,0.01053126357039168,0.8
1990-11-01,LINREG,DPCERA3M086SBEA,0.2908162256367657,0.8
1990-11-01,LINREG,INDPRO,0.1644882794728488,0.8
1990-11-01,LINREG,M2SL,-0.0007132966182278037,0.8
1990-11-01,LINREG,OILPRICEX,0.06523232340661261,0.8
1990-11-01,LINREG,RPI,0.149831509704196,0.8
1990-11-01,LINREG,SP500,0.28322536919371877,0.8
1990-11-01,LINREG,TB3MS,-0.08728842947539114,0.8
1990-11-01,LINREG,UNRATE_lag12,0.04812719591852479,0.8
1990-11-01,LINREG,USREC,-0.35419378504446924,0.8
1990-12-01,LINREG,BUSLOANS,0.0012830938989702241,1.0
1990-12-01,LINREG,CPIAUCSL,0.019444540798345577,1.0
1990-12-01,LINREG,DPCERA3M086SBEA,0.3495009628154575,1.0
1990-12-01,LINREG,INDPRO,0.2165320885175043,1.0
1990-12-01,LINREG,M2SL,-0.003177952521035191,1.0
1990-12-01,LINREG,OILPRICEX,0.2327970956608446,1.0
1990-12-01,LINREG,RPI,0.09591401240225374,1.0
1990-12-01,LINREG,SP500,-0.10139407767163583,1.0
1990-12-01,LINREG,TB3MS,-0.13477149053627777,1.0
1990-12-01,LINREG,UNRATE_lag12,0.04793097043481147,1.0
1990-12-01,LINREG,USREC,-0.3511976962232071,1.0
1991-01-01,LINREG,BUSLOANS,0.00012665666669791552,0.9
1991-01-01,LINREG,CPIAUCSL,0.029024232947483655,0.9
1991-01-01,LINREG,DPCERA3M086SBEA,0.40882858277425843,0.9
1991-01-01,LINREG,INDPRO,0.1986714544154234,0.9
1991-01-01,LINREG,M2SL,-0.0011353191695200042,0.9
1991-01-01,LINREG,OILPRICEX,0.22942671266296075,0.9
1991-01-01,LINREG,RPI,0.08030238972396778,0.9
1991-01-01,LINREG,SP500,-0.1742598490761237,0.9
1991-01-01,LINREG,TB3MS,-0.20297023296955632,0.9
1991-01-01,LINREG,UNRATE_lag12,0.020638378029495575,0.9
1991-01-01,LINREG,USREC,-0.34792170587667076,0.9
1991-02-01,LINREG,BUSLOANS,-0.00046993007457788794,0.8
1991-02-01,LINREG,CPIAUCSL,0.01771405385171995,0.8
1991-02-01,LINREG,DPCERA3M086SBEA,0.26998980125582484,0.8
1991-02-01,LINREG,INDPRO,0.1590272432641529,0.8
1991-02-01,LINREG,M2SL,0.0041165928653744245,0.8
1991-02-01,LINREG,OILPRICEX,0.1715588879880363,0.8
1991-02-01,LINREG,RPI,0.07337902940739144,0.8
1991-02-01,LINREG,SP500,-0.5239636375464709,0.8
1991-02-01,LINREG,TB3MS,-0.2377939256423346,0.8
1991-02-01,LINREG,UNRATE_lag12,0.04817719439131277,0.8
1991-02-01,LINREG,USREC,-0.34440046032260496,0.8
1991-03-01,LINREG,BUSLOANS,-0.001288566495224992,0.6
1991-03-01,LINREG,CPIAUCSL,0.019661802206464497,0.6
1991-03-01,LINREG,DPCERA3M086SBEA,-0.03140299691505866,0.6
1991-03-01,LINREG,INDPRO,0.14625302783619365,0.6
1991-03-01,LINREG,M2SL,0.006978374599506961,0.6
1991-03-01,LINREG,OILPRICEX,0.02884442383028228,0.6
1991-03-01,LINREG,RPI,0.11033923159338296,0.6
1991-03-01,LINREG,SP500,-0.4579487739159549,0.6
1991-03-01,LINREG,TB3MS,-0.1773067927181619,0.6
1991-03-01,LINREG,UNRATE_lag12,0.0764129938675007,0.6
1991-03-01,LINREG,USREC,-0.34091067495128474,0.6
1991-04-01,LINREG,BUSLOANS,-0.000835849026083119,0.7
1991-04-01,LINREG,CPIAUCSL,0.021035449874074755,0.7
1991-04-01,LINREG,DPCERA3M086SBEA,-0.14102506809785892,0.7
1991-04-01,LINREG,INDPRO,0.11027968877759552,0.7
1991-04-01,LINREG,M2SL,0.0023247960078364065,0.7
1991-04-01,LINREG,OILPRICEX,-0.046174317459180554,0.7
1991-04-01,LINREG,RPI,0.008170660531419946,0.7
1991-04-01,LINREG,SP500,-0.5715082478421981,0.7
1991-04-01,LINREG,TB3MS,-0.12298725481971001,0.7
1991-04-01,LINREG,UNRATE_lag12,0.07494933592036365,0.7
1991-04-01,LINREG,USREC,0.04214821928926631,0.7
1991-05-01,LINREG,BUSLOANS,-0.001000533352611171,0.7
1991-05-01,LINREG,CPIAUCSL,0.008903450940870111,0.7
1991-05-01,LINREG,DPCERA3M086SBEA,-0.07095693852472337,0.7
1991-05-01,LINREG,INDPRO,-0.017608545539743562,0.7
1991-05-01,LINREG,M2SL,-4.532153072443926e-05,0.7
1991-05-01,LINREG,OILPRICEX,-0.09405913109576114,0.7
1991-05-01,LINREG,RPI,0.015524035179726574,0.7
1991-05-01,LINREG,SP500,-0.09817426736668326,0.7
1991-05-01,LINREG,TB3MS,-0.1031121620585868,0.7
1991-05-01,LINREG,UNRATE_lag12,0.0740971801462448,0.7
1991-05-01,LINREG,USREC,0.041808042747933385,0.7
1991-06-01,LINREG,BUSLOANS,-0.0005054606134181383,0.9
1991-06-01,LINREG,CPIAUCSL,-0.018374805775559815,0.9
1991-06-01,LINREG,DPCERA3M086SBEA,0.15538909456456482,0.9
1991-06-01,LINREG,INDPRO,-0.11921703088483036,0.9
1991-06-01,LINREG,M2SL,0.0022534881267041165,0.9
1991-06-01,LINREG,OILPRICEX,-0.054569911526836136,0.9
1991-06-01,LINREG,RPI,-0.022813380871432913,0.9
1991-06-01,LINREG,SP500,0.013730478259124193,0.9
1991-06-01,LINREG,TB3MS,-0.07257988934137789,0.9
1991-06-01,LINREG,UNRATE_lag12,-0.007044194622265515,0.9
1991-06-01,LINREG,USREC,0.04175942947300292,0.9
1991-07-01,LINREG,BUSLOANS,-8.673114938645149e-05,0.9
1991-07-01,LINREG,CPIAUCSL,-0.020959007873108025,0.9
1991-07-01,LINREG,DPCERA3M086SBEA,-0.007194054160640234,0.9
1991-07-01,LINREG,INDPRO,-0.11660379574861894,0.9
1991-07-01,LINREG,M2SL,0.004187656012196151,0.9
1991-07-01,LINREG,OILPRICEX,-0.031196672386923727,0.9
1991-07-01,LINREG,RPI,0.04404719404006067,0.9
1991-07-01,LINREG,SP500,0.07483946452228385,0.9
1991-07-01,LINREG,TB3MS,-0.01697230396992017,0.9
1991-07-01,LINREG,UNRATE_lag12,0.10007316663345328,0.9
1991-07-01,LINREG,USREC,0.041322732603437225,0.9
1991-08-01,LINREG,BUSLOANS,1.4403839939704494e-05,0.7
1991-08-01,LINREG,CPIAUCSL,-0.0058915285464793245,0.7
1991-08-01,LINREG,DPCERA3M086SBEA,0.07392804924198502,0.7
1991-08-01,LINREG,INDPRO,-0.04904791149921164,0.7
1991-08-01,LINREG,M2SL,0.007925012362447118,0.7
1991-08-01,LINREG,OILPRICEX,0.0014083727661144832,0.7
1991-08-01,LINREG,RPI,0.02530675683693467,0.7
1991-08-01,LINREG,SP500,-0.04388893475068312,0.7
1991-08-01,LINREG,TB3MS,-0.028959314874039972,0.7
1991-08-01,LINREG,UNRATE_lag12,0.15205176668508527,0.7
1991-08-01,LINREG,USREC,0.04073222244065649,0.7
1991-09-01,LINREG,BUSLOANS,0.0003350694270429549,0.7
1991-09-01,LINREG,CPIAUCSL,0.006699782147299727,0.7
1991-09-01,LINREG,DPCERA3M086SBEA,0.06804942350081947,0.7
1991-09-01,LINREG,INDPRO,-0.04745957735830495,0.7
1991-09-01,LINREG,M2SL,0.011342287544969862,0.7
1991-09-01,LINREG,OILPRICEX,-0.009188824397330356,0.7
1991-09-01,LINREG,RPI,0.05155710544092402,0.7
1991-09-01,LINREG,SP500,-0.016693796161017797,0.7
1991-09-01,LINREG,TB3MS,-0.07269548088202799,0.7
1991-09-01,LINREG,UNRATE_lag12,0.17634735798572967,0.7
1991-09-01,LINREG,USREC,0.040193093813004,0.7
1991-10-01,LINREG,BUSLOANS,0.0010722084686999316,0.3
1991-10-01,LINREG,CPIAUCSL,0.0034478342230492404,0.3
1991-10-01,LINREG,DPCERA3M086SBEA,0.24986141997602196,0.3
1991-10-01,LINREG,INDPRO,-0.023648327776819425,0.3
1991-10-01,LINREG,M2SL,0.008752983222205173,0.3
1991-10-01,LINREG,OILPRICEX,-0.00772114579694131,0.3
1991-10-01,LINREG,RPI,0.009290259276198982,0.3
1991-10-01,LINREG,SP500,0.008226520684794866,0.3
1991-10-01,LINREG,TB3MS,-0.11999235244714965,0.3
1991-10-01,LINREG,UNRATE_lag12,0.17508438244438132,0.3
1991-10-01,LINREG,USREC,0.039907113100425336,0.3
1991-11-01,LINREG,BUSLOANS,0.0032827762806050386,0.4
1991-11-01,LINREG,CPIAUCSL,-0.006308814744875771,0.4
1991-11-01,LINREG,DPCERA3M086SBEA,0.12295813556972049,0.4
1991-11-01,LINREG,INDPRO,-0.012527298314808555,0.4
1991-11-01,LINREG,M2SL,0.00044146762774974516,0.4
1991-11-01,LINREG,OILPRICEX,-0.0024603906837446805,0.4
1991-11-01,LINREG,RPI,0.013102337867632841,0.4
1991-11-01,LINREG,SP500,0.11856977523829156,0.4
1991-11-01,LINREG,TB3MS,-0.15410347969284574,0.4
1991-11-01,LINREG,UNRATE_lag12,0.22487171118135196,0.4
1991-11-01,LINREG,USREC,0.0394847494827193,0.4
1991-12-01,LINREG,BUSLOANS,0.0015701910390373602,0.1
1991-12-01,LINREG,CPIAUCSL,-0.005996632515882739,0.1
1991-12-01,LINREG,DPCERA3M086SBEA,0.09739274101582587,0.1
1991-12-01,LINREG,INDPRO,0.08041764421290874,0.1
1991-12-01,LINREG,M2SL,-0.006408452830843209,0.1
1991-12-01,LINREG,OILPRICEX,0.026962986058886723,0.1
1991-12-01,LINREG,RPI,-0.04753591516145167,0.1
1991-12-01,LINREG,SP500,0.06664664137340703,0.1
1991-12-01,LINREG,TB3MS,-0.22745777853993998,0.1
1991-12-01,LINREG,UNRATE_lag12,0.24850886441817535,0.1
1991-12-01,LINREG,USREC,0.03913280627131763,0.1
1992-01-01,LINREG,BUSLOANS,-0.0021016899937506164,0.0
1992-01-01,LINREG,CPIAUCSL,-0.0022988993744846704,0.0
1992-01-01,LINREG,DPCERA3M086SBEA,-0.27946117812250426,0.0
1992-01-01,LINREG,INDPRO,0.12204703044643761,0.0
1992-01-01,LINREG,M2SL,-0.006680144305308858,0.0
1992-01-01,LINREG,OILPRICEX,0.048318147777829654,0.0
1992-01-01,LINREG,RPI,-0.08479489196583537,0.0
1992-01-01,LINREG,SP500,-0.2252730832135336,0.0
1992-01-01,LINREG,TB3MS,-0.2322037033124182,0.0
1992-01-01,LINREG,UNRATE_lag12,0.2696311600393918,0.0
1992-01-01,LINREG,USREC,0.038167398193452516,0.0
1992-02-01,LINREG,BUSLOANS,-0.0027585207647844922,-0.3
1992-02-01,LINREG,CPIAUCSL,0.009052081118244189,-0.3
1992-02-01,LINREG,DPCERA3M086SBEA,-0.2051905195918575,-0.3
1992-02-01,LINREG,INDPRO,0.05586283529391505,-0.3
1992-02-01,LINREG,M2SL,-0.008289835623019893,-0.3
1992-02-01,LINREG,OILPRICEX,0.03502236287270808,-0.3
1992-02-01,LINREG,RPI,-0.11767482855491591,-0.3
1992-02-01,LINREG,SP500,-0.1994169911710095,-0.3
1992-02-01,LINREG,TB3MS,-0.14006836065198533,-0.3
1992-02-01,LINREG,UNRATE_lag12,0.3428395876775115,-0.3
1992-02-01,LINREG,USREC,0.037582280370210934,-0.3
1992-03-01,LINREG,BUSLOANS,-0.0022160083140977415,-0.4
1992-03-01,LINREG,CPIAUCSL,0.006775899392676894,-0.4
1992-03-01,LINREG,DPCERA3M086SBEA,-0.2062606352704415,-0.4
1992-03-01,LINREG,INDPRO,-0.0507505400582874,-0.4
1992-03-01,LINREG,M2SL,-0.004807287637754397,-0.4
1992-03-01,LINREG,OILPRICEX,-0.015389182688326807,-0.4
1992-03-01,LINREG,RPI,-0.042955573234201586,-0.4
1992-03-01,LINREG,SP500,-0.11735644887055972,-0.4
1992-03-01,LINREG,TB3MS,-0.005791236620157926,-0.4
1992-03-01,LINREG,UNRATE_lag12,0.415902249865855,-0.4
1992-03-01,LINREG,USREC,0.037237603603783316,-0.4
1992-04-01,LINREG,BUSLOANS,-0.00046741310857555655,-0.3
1992-04-01,LINREG,CPIAUCSL,8.146258931149427e-05,-0.3
1992-04-01,LINREG,DPCERA3M086SBEA,0.06784688547913616,-0.3
1992-04-01,LINREG,INDPRO,-0.15355764514144724,-0.3
1992-04-01,LINREG,M2SL,0.0007586803953394184,-0.3
1992-04-01,LINREG,OILPRICEX,-0.05185376949108983,-0.3
1992-04-01,LINREG,RPI,-0.030540620640990213,-0.3
1992-04-01,LINREG,SP500,0.1711265950393562,-0.3
1992-04-01,LINREG,TB3MS,-0.009668261139049061,-0.3
1992-04-01,LINREG,UNRATE_lag12,0.3391239235041189,-0.3
1992-04-01,LINREG,USREC,0.03727510051161604,-0.3
1992-05-01,LINREG,BUSLOANS,0.0002401387402468978,-0.5
1992-05-01,LINREG,CPIAUCSL,-0.006388976695139407,-0.5
1992-05-01,LINREG,DPCERA3M086SBEA,-0.013328745616776263,-0.5
1992-05-01,LINREG,INDPRO,-0.12334029633860384,-0.5
1992-05-01,LINREG,M2SL,0.010717889718444269,-0.5
1992-05-01,LINREG,OILPRICEX,-0.04935540905919646,-0.5
1992-05-01,LINREG,RPI,-0.03557744291365453,-0.5
1992-05-01,LINREG,SP500,0.05919113678967288,-0.5
1992-05-01,LINREG,TB3MS,-0.04081396853549008,-0.5
1992-05-01,LINREG,UNRATE_lag12,0.38759289007688613,-0.5
1992-05-01,LINREG,USREC,0.03733996846982016,-0.5
1992-06-01,LINREG,BUSLOANS,0.0006363847867016175,-0.8
1992-06-01,LINREG,CPIAUCSL,-0.0020062392324544783,-0.8
1992-06-01,LINREG,DPCERA3M086SBEA,-0.030688147284538527,-0.8
1992-06-01,LINREG,INDPRO,-0.058514408232568586,-0.8
1992-06-01,LINREG,M2SL,0.008520857758815826,-0.8
1992-06-01,LINREG,OILPRICEX,-0.038986636930920554,-0.8
1992-06-01,LINREG,RPI,-0.06514123958398159,-0.8
1992-06-01,LINREG,SP500,0.0726282982787897,-0.8
1992-06-01,LINREG,TB3MS,-0.07418955652669594,-0.8
1992-06-01,LINREG,UNRATE_lag12,0.4366780212068352,-0.8
1992-06-01,LINREG,USREC,0.0377907117158712,-0.8
1992-07-01,LINREG,BUSLOANS,0.00034069835956879695,-0.8
1992-07-01,LINREG,CPIAUCSL,8.994654601847068e-05,-0.8
1992-07-01,LINREG,DPCERA3M086SBEA,-0.08026865385436283,-0.8
1992-07-01,LINREG,INDPRO,-0.07106889802780446,-0.8
1992-07-01,LINREG,M2SL,0.0037463407606045953,-0.8
1992-07-01,LINREG,OILPRICEX,-0.0005085231050861362,-0.8
1992-07-01,LINREG,RPI,-0.014821327387612174,-0.8
1992-07-01,LINREG,SP500,0.0035490675843381195,-0.8
1992-07-01,LINREG,TB3MS,-0.10581824434104936,-0.8
1992-07-01,LINREG,UNRATE_lag12,0.33604788753895837,-0.8
1992-07-01,LINREG,USREC,0.038030262493546484,-0.8
1992-08-01,LINREG,BUSLOANS,7.199464972218018e-05,-0.8
1992-08-01,LINREG,CPIAUCSL,9.061474070886211e-05,-0.8
1992-08-01,LINREG,DPCERA3M086SBEA,-0.02668829359269925,-0.8
1992-08-01,LINREG,INDPRO,-0.0002760617357299778,-0.8
1992-08-01,LINREG,M2SL,-0.0003729102224517974,-0.8
1992-08-01,LINREG,OILPRICEX,0.014117486002622472,-0.8
1992-08-01,LINREG,RPI,0.0006644470360213409,-0.8
1992-08-01,LINREG,SP500,0.05021761998724794,-0.8
1992-08-01,LINREG,TB3MS,-0.09817313455161684,-0.8
1992-08-01,LINREG,UNRATE_lag12,0.31247885849069074,-0.8
1992-08-01,LINREG,USREC,0.03849915615362923,-0.8
1992-09-01,LINREG,BUSLOANS,-5.325179465794819e-05,-0.9
1992-09-01,LINREG,CPIAUCSL,6.05934834812209e-05,-0.9
1992-09-01,LINREG,DPCERA3M086SBEA,-0.10310997784509349,-0.9
1992-09-01,LINREG,INDPRO,-0.02224427119557509,-0.9
1992-09-01,LINREG,M2SL,-0.007191757132940797,-0.9
1992-09-01,LINREG,OILPRICEX,0.032803833482502175,-0.9
1992-09-01,LINREG,RPI,0.0833403704735646,-0.9
1992-09-01,LINREG,SP500,-0.02222636327851064,-0.9
1992-09-01,LINREG,TB3MS,-0.14828559601250452,-0.9
1992-09-01,LINREG,UNRATE_lag12,0.263616336083184,-0.9
1992-09-01,LINREG,USREC,0.0388311202156421,-0.9
1992-10-01,LINREG,BUSLOANS,-1.927580912700742e-05,-0.5
1992-10-01,LINREG,CPIAUCSL,-0.002179714657188608,-0.5
1992-10-01,LINREG,DPCERA3M086SBEA,-0.10458249517533004,-0.5
1992-10-01,LINREG,INDPRO,-0.0030122708645268824,-0.5
1992-10-01,LINREG,M2SL,-0.012137574815762987,-0.5
1992-10-01,LINREG,OILPRICEX,0.0122361323361304,-0.5
1992-10-01,LINREG,RPI,0.11897566319366766,-0.5
1992-10-01,LINREG,SP500,0.10697961884937343,-0.5
1992-10-01,LINREG,TB3MS,-0.068356542016332,-0.5
1992-10-01,LINREG,UNRATE_lag12,0.2903421551256349,-0.5
1992-10-01,LINREG,USREC,0.039090434902473534,-0.5
1992-11-01,LINREG,BUSLOANS,4.200967225416774e-05,-0.8
1992-11-01,LINREG,CPIAUCSL,-0.004572381621856697,-0.8
1992-11-01,LINREG,DPCERA3M086SBEA,-0.08955458100026881,-0.8
1992-11-01,LINREG,INDPRO,-0.07875545513294385,-0.8
1992-11-01,LINREG,M2SL,-0.012510910241524821,-0.8
1992-11-01,LINREG,OILPRICEX,0.010359956065967471,-0.8
1992-11-01,LINREG,RPI,0.12069175139629909,-0.8
1992-11-01,LINREG,SP500,0.0320446714909328,-0.8
1992-11-01,LINREG,TB3MS,0.0015301492474233502,-0.8
1992-11-01,LINREG,UNRATE_lag12,0.21453592901380006,-0.8
1992-11-01,LINREG,USREC,0.03934847994229951,-0.8
1992-12-01,LINREG,BUSLOANS,1.5112206065726857e-05,-0.9
1992-12-01,LINREG,CPIAUCSL,-0.004751203200291265,-0.9
1992-12-01,LINREG,DPCERA3M086SBEA,-0.09067208689454666,-0.9
1992-12-01,LINREG,INDPRO,-0.06514750598559857,-0.9
1992-12-01,LINREG,M2SL,0.0009575686091508539,-0.9
1992-12-01,LINREG,OILPRICEX,0.015251799641320651,-0.9
1992-12-01,LINREG,RPI,-0.23288730987824388,-0.9
1992-12-01,LINREG,SP500,-0.08694201995686972,-0.9
1992-12-01,LINREG,TB3MS,0.06318057801556978,-0.9
1992-12-01,LINREG,UNRATE_lag12,0.26619052487786893,-0.9
1992-12-01,LINREG,USREC,0.03957310537409229,-0.9
1993-01-01,LINREG,BUSLOANS,1.1137091246692399e-05,-0.7
1993-01-01,LINREG,CPIAUCSL,0.0025274958789351944,-0.7
1993-01-01,LINREG,DPCERA3M086SBEA,0.007585282182330932,-0.7
1993-01-01,LINREG,INDPRO,-0.04167822159795702,-0.7
1993-01-01,LINREG,M2SL,0.012804833813109625,-0.7
1993-01-01,LINREG,OILPRICEX,0.019075236214460885,-0.7
1993-01-01,LINREG,RPI,-0.02802977657354508,-0.7
1993-01-01,LINREG,SP500,-0.14332047999947156,-0.7
1993-01-01,LINREG,TB3MS,0.02920196396716674,-0.7
1993-01-01,LINREG,UNRATE_lag12,0.24005948950107373,-0.7
1993-01-01,LINREG,USREC,0.03975313186651744,-0.7
1993-02-01,LINREG,BUSLOANS,-6.328622208062367e-05,-0.5
1993-02-01,LINREG,CPIAUCSL,0.007128414622440633,-0.5
1993-02-01,LINREG,DPCERA3M086SBEA,0.004537916993611329,-0.5
1993-02-01,LINREG,INDPRO,-0.04970490893704716,-0.5
1993-02-01,LINREG,M2SL,0.013435484011456804,-0.5
1993-02-01,LINREG,OILPRICEX,-0.006264222936684018,-0.5
1993-02-01,LINREG,RPI,-0.05009597577222112,-0.5
1993-02-01,LINREG,SP500,-0.10115742360943857,-0.5
1993-02-01,LINREG,TB3MS,-0.03850043501328901,-0.5
1993-02-01,LINREG,UNRATE_lag12,0.21355834479178457,-0.5
1993-02-01,LINREG,USREC,0.03971157593667237,-0.5
1993-03-01,LINREG,BUSLOANS,-0.00033466186744187786,-0.5
1993-03-01,LINREG,CPIAUCSL,0.004235487158576576,-0.5
1993-03-01,LINREG,DPCERA3M086SBEA,0.1914554012328094,-0.5
1993-03-01,LINREG,INDPRO,-0.02961657029598624,-0.5
1993-03-01,LINREG,M2SL,0.006950661222208714,-0.5
1993-03-01,LINREG,OILPRICEX,-0.02973916573842713,-0.5
1993-03-01,LINREG,RPI,0.17096606301869244,-0.5
1993-03-01,LINREG,SP500,-0.05554344010601709,-0.5
1993-03-01,LINREG,TB3MS,-0.05244038155485409,-0.5
1993-03-01,LINREG,UNRATE_lag12,0.16233102871964583,-0.5
1993-03-01,LINREG,USREC,0.039886722588035564,-0.5
1993-04-01,LINREG,BUSLOANS,-0.0016612953036219346,-0.7
1993-04-01,LINREG,CPIAUCSL,0.002041187499475014,-0.7
1993-04-01,LINREG,DPCERA3M086SBEA,0.02647711417027868,-0.7
1993-04-01,LINREG,INDPRO,-0.02069659662528652,-0.7
1993-04-01,LINREG,M2SL,0.0005890143629757086,-0.7
1993-04-01,LINREG,OILPRICEX,-0.03488013253180938,-0.7
1993-04-01,LINREG,RPI,-0.02229051553334534,-0.7
1993-04-01,LINREG,SP500,0.007389703762259096,-0.7
1993-04-01,LINREG,TB3MS,-0.0243746507557842,-0.7
1993-04-01,LINREG,UNRATE_lag12,0.18871162587979912,-0.7
1993-04-01,LINREG,USREC,0.04005924580589936,-0.7
1993-05-01,LINREG,BUSLOANS,-0.00051833432788795,-1.0
1993-05-01,LINREG,CPIAUCSL,-0.0021586087943296158,-1.0
1993-05-01,LINREG,DPCERA3M086SBEA,-0.0063152750949416565,-1.0
1993-05-01,LINREG,INDPRO,0.04728276123409573,-1.0
1993-05-01,LINREG,M2SL,-0.014181454917990992,-1.0
1993-05-01,LINREG,OILPRICEX,-0.0022323640933241597,-1.0
1993-05-01,LINREG,RPI,0.017995548173577,-1.0
1993-05-01,LINREG,SP500,0.0487304025217936,-1.0
1993-05-01,LINREG,TB3MS,0.007539195674707112,-1.0
1993-05-01,LINREG,UNRATE_lag12,0.19100316359034755,-1.0
1993-05-01,LINREG,USREC,0.04062599681288269,-1.0
1993-06-01,LINREG,BUSLOANS,0.0007115987873872108,-0.9
1993-06-01,LINREG,CPIAUCSL,3.482349100882184e-05,-0.9
1993-06-01,LINREG,DPCERA3M086SBEA,-0.13499642373366333,-0.9
1993-06-01,LINREG,INDPRO,0.022137838966198937,-0.9
1993-06-01,LINREG,M2SL,-0.025066350582316103,-0.9
1993-06-01,LINREG,OILPRICEX,0.01781309246176681,-0.9
1993-06-01,LINREG,RPI,0.006597487890598015,-0.9
1993-06-01,LINREG,SP500,0.10107252194860852,-0.9
1993-06-01,LINREG,TB3MS,0.02526718991768814,-0.9
1993-06-01,LINREG,UNRATE_lag12,0.2461059245303976,-0.9
1993-06-01,LINREG,USREC,0.04105626667631446,-0.9
1993-07-01,LINREG,BUSLOANS,-0.0006993263092310452,-0.8
1993-07-01,LINREG,CPIAUCSL,0.007282828127909469,-0.8
1993-07-01,LINREG,DPCERA3M086SBEA,-0.09870293027268674,-0.8
1993-07-01,LINREG,INDPRO,0.02208617991584819,-0.8
1993-07-01,LINREG,M2SL,-0.026881234427531868,-0.8
1993-07-01,LINREG,OILPRICEX,0.028013454079120998,-0.8
1993-07-01,LINREG,RPI,0.038449593404442615,-0.8
1993-07-01,LINREG,SP500,0.04184386469761612,-0.8
1993-07-01,LINREG,TB3MS,0.03498229494564518,-0.8
1993-07-01,LINREG,UNRATE_lag12,0.2479450523752976,-0.8
1993-07-01,LINREG,USREC,0.04137454484296847,-0.8
1993-08-01,LINREG,BUSLOANS,-0.0008662668721053018,-0.8
1993-08-01,LINREG,CPIAUCSL,0.011210432962686744,-0.8
1993-08-01,LINREG,DPCERA3M086SBEA,-0.048094746402229875,-0.8
1993-08-01,LINREG,INDPRO,0.0023518560156257484,-0.8
1993-08-01,LINREG,M2SL,0.00842384121001894,-0.8
1993-08-01,LINREG,OILPRICEX,0.013830559599000624,-0.8
1993-08-01,LINREG,RPI,0.019682250252361116,-0.8
1993-08-01,LINREG,SP500,-0.0008552188510673528,-0.8
1993-08-01,LINREG,TB3MS,0.013222217238036118,-0.8
1993-08-01,LINREG,UNRATE_lag12,0.19456394890979617,-0.8
1993-08-01,LINREG,USREC,0.04157131732078296,-0.8
1993-09-01,LINREG,BUSLOANS,0.00035281843230619726,-0.8
1993-09-01,LINREG,CPIAUCSL,0.006344934915007364,-0.8
1993-09-01,LINREG,DPCERA3M086SBEA,-0.091673600297396,-0.8
1993-09-01,LINREG,INDPRO,-0.020442677114304936,-0.8
1993-09-01,LINREG,M2SL,0.011821840180134673,-0.8
1993-09-01,LINREG,OILPRICEX,0.0023139676156009674,-0.8
1993-09-01,LINREG,RPI,0.025886777059977183,-0.8
1993-09-01,LINREG,SP500,-0.021090054445794128,-0.8
1993-09-01,LINREG,TB3MS,-0.02223727050577461,-0.8
1993-09-01,LINREG,UNRATE_lag12,0.19495512660121508,-0.8
1993-09-01,LINREG,USREC,0.04171394776707872,-0.8
1993-10-01,LINREG,BUSLOANS,-0.0008328118309543377,-1.0
1993-10-01,LINREG,CPIAUCSL,-0.00856251724769882,-1.0
1993-10-01,LINREG,DPCERA3M086SBEA,-0.022516760371306385,-1.0
1993-10-01,LINREG,INDPRO,-0.055878182966595816,-1.0
1993-10-01,LINREG,M2SL,0.008229851211335694,-1.0
1993-10-01,LINREG,OILPRICEX,-0.023257454400089708,-1.0
1993-10-01,LINREG,RPI,0.0683473190355906,-1.0
1993-10-01,LINREG,SP500,-0.07013615715152842,-1.0
1993-10-01,LINREG,TB3MS,-0.002494614203711061,-1.0
1993-10-01,LINREG,UNRATE_lag12,0.08527596836468991,-1.0
1993-10-01,LINREG,USREC,0.04179919675533072,-1.0
1993-11-01,LINREG,BUSLOANS,-0.0012857789689019448,-1.0
1993-11-01,LINREG,CPIAUCSL,-0.013833722515944528,-1.0
1993-11-01,LINREG,DPCERA3M086SBEA,-0.06030193099094058,-1.0
1993-11-01,LINREG,INDPRO,-0.10239967481358245,-1.0
1993-11-01,LINREG,M2SL,-0.00980033183415199,-1.0
1993-11-01,LINREG,OILPRICEX,-0.0047777130927349745,-1.0
1993-11-01,LINREG,RPI,0.05649518800172623,-1.0
1993-11-01,LINREG,SP500,0.0021408734184313726,-1.0
1993-11-01,LINREG,TB3MS,0.017153706887282853,-1.0
1993-11-01,LINREG,UNRATE_lag12,0.11318673444041016,-1.0
1993-11-01,LINREG,USREC,0.041875256373388445,-1.0
1993-12-01,LINREG,BUSLOANS,0.0006298314213599199,-1.0
1993-12-01,LINREG,CPIAUCSL,-0.015763572650768807,-1.0
1993-12-01,LINREG,DPCERA3M086SBEA,-0.01358275051209233,-1.0
1993-12-01,LINREG,INDPRO,-0.10558055794137326,-1.0
1993-12-01,LINREG,M2SL,-0.008622109032403624,-1.0
1993-12-01,LINREG,OILPRICEX,0.014484140618808315,-1.0
1993-12-01,LINREG,RPI,-0.1652228232909729,-1.0
1993-12-01,LINREG,SP500,0.0212944927300651,-1.0
1993-12-01,LINREG,TB3MS,0.023122548560190408,-1.0
1993-12-01,LINREG,UNRATE_lag12,0.029727953008757788,-1.0
1993-12-01,LINREG,USREC,0.04172398744225647,-1.0
1994-01-01,LINREG,BUSLOANS,-1.302152732391284e-05,-1.0
1994-01-01,LINREG,CPIAUCSL,0.01023137239490098,-1.0
1994-01-01,LINREG,DPCERA3M086SBEA,-0.037294838389424816,-1.0
1994-01-01,LINREG,INDPRO,-0.0709821054743192,-1.0
1994-01-01,LINREG,M2SL,-0.002640128749486429,-1.0
1994-01-01,LINREG,OILPRICEX,0.027678445081601992,-1.0
1994-01-01,LINREG,RPI,-0.06715594097579655,-1.0
1994-01-01,LINREG,SP500,0.0009052057874628794,-1.0
1994-01-01,LINREG,TB3MS,-0.006574712139681327,-1.0
1994-01-01,LINREG,UNRATE_lag12,0.0020340703490285576,-1.0
1994-01-01,LINREG,USREC,0.04143933155170306,-1.0
1994-02-01,LINREG,BUSLOANS,-0.002358575066748837,-1.2
1994-02-01,LINREG,CPIAUCSL,0.011232837324166937,-1.2
1994-02-01,LINREG,DPCERA3M086SBEA,-0.1440240105200199,-1.2
1994-02-01,LINREG,INDPRO,-0.03944789231921332,-1.2
1994-02-01,LINREG,M2SL,0.010535338050540655,-1.2
1994-02-01,LINREG,OILPRICEX,0.005807439126628587,-1.2
1994-02-01,LINREG,RPI,-0.058803072530955215,-1.2
1994-02-01,LINREG,SP500,0.004276710532832944,-1.2
1994-02-01,LINREG,TB3MS,0.031222457126192607,-1.2
1994-02-01,LINREG,UNRATE_lag12,-0.08144612552663266,-1.2
1994-02-01,LINREG,USREC,0.040924922252398695,-1.2
1994-03-01,LINREG,BUSLOANS,-0.008675613824167835,-1.1
1994-03-01,LINREG,CPIAUCSL,0.006861873055237224,-1.1
1994-03-01,LINREG,DPCERA3M086SBEA,-0.07608069520512621,-1.1
1994-03-01,LINREG,INDPRO,-0.07409434526010417,-1.1
1994-03-01,LINREG,M2SL,0.0076614278393693945,-1.1
1994-03-01,LINREG,OILPRICEX,-0.03408166360185199,-1.1
1994-03-01,LINREG,RPI,0.11189466318984258,-1.1
1994-03-01,LINREG,SP500,0.09998616191554335,-1.1
1994-03-01,LINREG,TB3MS,0.08856242220853938,-1.1
1994-03-01,LINREG,UNRATE_lag12,-0.11030393736306734,-1.1
1994-03-01,LINREG,USREC,0.040177034205849456,-1.1
1994-04-01,LINREG,BUSLOANS,-0.008569262761100883,-0.6
1994-04-01,LINREG,CPIAUCSL,-0.00238932535072931,-0.6
1994-04-01,LINREG,DPCERA3M086SBEA,-0.10763513298383108,-0.6
1994-04-01,LINREG,INDPRO,-0.0970874944265557,-0.6
1994-04-01,LINREG,M2SL,0.004948170697274929,-0.6
1994-04-01,LINREG,OILPRICEX,-0.052387633994672916,-0.6
1994-04-01,LINREG,RPI,-0.03280553912090641,-0.6
1994-04-01,LINREG,SP500,0.3095499821818521,-0.6
1994-04-01,LINREG,TB3MS,0.13975256096423846,-0.6
1994-04-01,LINREG,UNRATE_lag12,-0.08199913578037041,-0.6
1994-04-01,LINREG,USREC,0.03976606769619373,-0.6
1994-05-01,LINREG,BUSLOANS,-0.015883791113548453,-0.5
1994-05-01,LINREG,CPIAUCSL,-0.0009192698807689928,-0.5
1994-05-01,LINREG,DPCERA3M086SBEA,0.0971302889404791,-0.5
1994-05-01,LINREG,INDPRO,-0.12935331998926716,-0.5
1994-05-01,LINREG,M2SL,-0.004837147590047906,-0.5
1994-05-01,LINREG,OILPRICEX,-0.0654136281221117,-0.5
1994-05-01,LINREG,RPI,-0.04059601772472716,-0.5
1994-05-01,LINREG,SP500,0.2619932948088769,-0.5
1994-05-01,LINREG,TB3MS,0.17663215594122122,-0.5
1994-05-01,LINREG,UNRATE_lag12,-0.13835475419234133,-0.5
1994-05-01,LINREG,USREC,0.03923078248476079,-0.5
1994-06-01,LINREG,BUSLOANS,-0.003348500305557336,-0.5
1994-06-01,LINREG,CPIAUCSL,-2.4692134880672125e-05,-0.5
1994-06-01,LINREG,DPCERA3M086SBEA,-0.02375365538896479,-0.5
1994-06-01,LINREG,INDPRO,-0.1028631704410237,-0.5
1994-06-01,LINREG,M2SL,0.002655145417073413,-0.5
1994-06-01,LINREG,OILPRICEX,-0.05622631647901865,-0.5
1994-06-01,LINREG,RPI,-0.017911482280425765,-0.5
1994-06-01,LINREG,SP500,0.15785476402005355,-0.5
1994-06-01,LINREG,TB3MS,0.12648013925039883,-0.5
1994-06-01,LINREG,UNRATE_lag12,-0.22276726005426656,-0.5
1994-06-01,LINREG,USREC,0.03872759512620655,-0.5
1994-07-01,LINREG,BUSLOANS,-0.003327082993436271,-0.4
1994-07-01,LINREG,CPIAUCSL,-0.0019133057086998986,-0.4
1994-07-01,LINREG,DPCERA3M086SBEA,0.07639154282251591,-0.4
1994-07-01,LINREG,INDPRO,-0.06702128955672312,-0.4
1994-07-01,LINREG,M2SL,-0.0005045723963300665,-0.4
1994-07-01,LINREG,OILPRICEX,-0.02155892753151385,-0.4
1994-07-01,LINREG,RPI,0.02348598034666243,-0.4
1994-07-01,LINREG,SP500,0.04022520730343471,-0.4
1994-07-01,LINREG,TB3MS,0.12769158841746897,-0.4
1994-07-01,LINREG,UNRATE_lag12,-0.22276111662789858,-0.4
1994-07-01,LINREG,USREC,0.038327156756981604,-0.4
1994-08-01,LINREG,BUSLOANS,0.00011477394467313782,-0.3
1994-08-01,LINREG,CPIAUCSL,-0.004918912531035564,-0.3
1994-08-01,LINREG,DPCERA3M086SBEA,-0.09607384280858881,-0.3
1994-08-01,LINREG,INDPRO,-0.08383751576385405,-0.3
1994-08-01,LINREG,M2SL,0.009356330663242998,-0.3
1994-08-01,LINREG,OILPRICEX,0.03484696940717311,-0.3
1994-08-01,LINREG,RPI,0.025848975651301877,-0.3
1994-08-01,LINREG,SP500,-0.040767428626755864,-0.3
1994-08-01,LINREG,TB3MS,0.0664627618585462,-0.3
1994-08-01,LINREG,UNRATE_lag12,-0.22220364973589077,-0.3
1994-08-01,LINREG,USREC,0.03810643728512681,-0.3
1994-09-01,LINREG,BUSLOANS,-0.0022085577778005777,-0.3
1994-09-01,LINREG,CPIAUCSL,-0.005282048928855468,-0.3
1994-09-01,LINREG,DPCERA3M086SBEA,-0.0035857394311924525,-0.3
1994-09-01,LINREG,INDPRO,-0.05500465386210458,-0.3
1994-09-01,LINREG,M2SL,-0.003998622256015109,-0.3
1994-09-01,LINREG,OILPRICEX,0.07114874346008242,-0.3
1994-09-01,LINREG,RPI,-0.004305312895046721,-0.3
1994-09-01,LINREG,SP500,-0.0291043782588945,-0.3
1994-09-01,LINREG,TB3MS,0.09370761936552544,-0.3
1994-09-01,LINREG,UNRATE_lag12,-0.2502410546435181,-0.3
1994-09-01,LINREG,USREC,0.037810315935586945,-0.3
1994-10-01,LINREG,BUSLOANS,0.002318175441438442,-0.3
1994-10-01,LINREG,CPIAUCSL,0.0017985197555088902,-0.3
1994-10-01,LINREG,DPCERA3M086SBEA,-0.14494279368240634,-0.3
1994-10-01,LINREG,INDPRO,-0.10863729296101653,-0.3
1994-10-01,LINREG,M2SL,0.005202728695063804,-0.3
1994-10-01,LINREG,OILPRICEX,0.056778724408632485,-0.3
1994-10-01,LINREG,RPI,-0.04161096679426918,-0.3
1994-10-01,LINREG,SP500,-0.032280730558234355,-0.3
1994-10-01,LINREG,TB3MS,0.12083917736412109,-0.3
1994-10-01,LINREG,UNRATE_lag12,-0.13606085375845822,-0.3
1994-10-01,LINREG,USREC,0.03763766559674486,-0.3
1994-11-01,LINREG,BUSLOANS,0.0027015311172063233,0.0
1994-11-01,LINREG,CPIAUCSL,0.005800156728877247,0.0
1994-11-01,LINREG,DPCERA3M086SBEA,-0.024462540823292862,0.0
1994-11-01,LINREG,INDPRO,-0.10975561696429967,0.0
1994-11-01,LINREG,M2SL,-0.0036967687863189874,0.0
1994-11-01,LINREG,OILPRICEX,0.0076798171674294135,0.0
1994-11-01,LINREG,RPI,-0.03277715322039546,0.0
1994-11-01,LINREG,SP500,0.10671171892443036,0.0
1994-11-01,LINREG,TB3MS,0.15758194663552832,0.0
1994-11-01,LINREG,UNRATE_lag12,-0.22061968490099246,0.0
1994-11-01,LINREG,USREC,0.037458262645640145,0.0
1994-12-01,LINREG,BUSLOANS,-0.002127515976424314,0.1
1994-12-01,LINREG,CPIAUCSL,0.004799998323021758,0.1
1994-12-01,LINREG,DPCERA3M086SBEA,-0.048434622537278364,0.1
1994-12-01,LINREG,INDPRO,-0.16632934624720233,0.1
1994-12-01,LINREG,M2SL,0.002929002594771361,0.1
1994-12-01,LINREG,OILPRICEX,-0.015274917239371355,0.1
1994-12-01,LINREG,RPI,-0.03455789290039525,0.1
1994-12-01,LINREG,SP500,0.18198632108969642,0.1
1994-12-01,LINREG,TB3MS,0.19042050908018832,0.1
1994-12-01,LINREG,UNRATE_lag12,-0.24814644732272415,0.1
1994-12-01,LINREG,USREC,0.03733270768403186,0.1
1995-01-01,LINREG,BUSLOANS,-0.008232293027955749,0.0
1995-01-01,LINREG,CPIAUCSL,-0.0007783530539062595,0.0
1995-01-01,LINREG,DPCERA3M086SBEA,0.07989886946289004,0.0
1995-01-01,LINREG,INDPRO,-0.11540197163611024,0.0
1995-01-01,LINREG,M2SL,-0.006567876164473405,0.0
1995-01-01,LINREG,OILPRICEX,-0.025198037814953576,0.0
1995-01-01,LINREG,RPI,-0.01209856706252969,0.0
1995-01-01,LINREG,SP500,0.06500037920681653,0.0
1995-01-01,LINREG,TB3MS,0.14678888631896725,0.0
1995-01-01,LINREG,UNRATE_lag12,-0.19083661600501042,0.0
1995-01-01,LINREG,USREC,0.0371609582685681,0.0
1995-02-01,LINREG,BUSLOANS,-0.012499061816709145,0.1
1995-02-01,LINREG,CPIAUCSL,-0.002317703688782592,0.1
1995-02-01,LINREG,DPCERA3M086SBEA,0.13334202599258316,0.1
1995-02-01,LINREG,INDPRO,-0.051028067957868815,0.1
1995-02-01,LINREG,M2SL,-0.0009180886728490528,0.1
1995-02-01,LINREG,OILPRICEX,-0.00873552259648579,0.1
1995-02-01,LINREG,RPI,-0.024806480176237645,0.1
1995-02-01,LINREG,SP500,-0.10310423220458857,0.1
1995-02-01,LINREG,TB3MS,0.09164600430774987,0.1
1995-02-01,LINREG,UNRATE_lag12,-0.13364772548991635,0.1
1995-02-01,LINREG,USREC,0.03707816021295009,0.1
1995-03-01,LINREG,BUSLOANS,-0.009860880555487407,0.1
1995-03-01,LINREG,CPIAUCSL,-0.002210991941415704,0.1
1995-03-01,LINREG,DPCERA3M086SBEA,0.07972200341514821,0.1
1995-03-01,LINREG,INDPRO,0.017921614155025918,0.1
1995-03-01,LINREG,M2SL,-0.0025670939009494235,0.1
1995-03-01,LINREG,OILPRICEX,-0.019840383527941957,0.1
1995-03-01,LINREG,RPI,-0.013181623950206474,0.1
1995-03-01,LINREG,SP500,-0.24747911059407673,0.1
1995-03-01,LINREG,TB3MS,0.022917445008832932,0.1
1995-03-01,LINREG,UNRATE_lag12,-0.13300144999017396,0.1
1995-03-01,LINREG,USREC,0.03703654827023645,0.1
1995-04-01,LINREG,BUSLOANS,0.0008381692438558819,-0.2
1995-04-01,LINREG,CPIAUCSL,-0.0014496418392727544,-0.2
1995-04-01,LINREG,DPCERA3M086SBEA,0.11241224475168878,-0.2
1995-04-01,LINREG,INDPRO,0.045668793395178035,-0.2
1995-04-01,LINREG,M2SL,0.0003906284064452128,-0.2
1995-04-01,LINREG,OILPRICEX,-0.017521353468643218,-0.2
1995-04-01,LINREG,RPI,0.004313120022594458,-0.2
1995-04-01,LINREG,SP500,-0.27803328204190314,-0.2
1995-04-01,LINREG,TB3MS,-0.014306175625183423,-0.2
1995-04-01,LINREG,UNRATE_lag12,-0.18911735561372012,-0.2
1995-04-01,LINREG,USREC,0.03691841183131128,-0.2
1995-05-01,LINREG,BUSLOANS,0.010592239710167319,0.0
1995-05-01,LINREG,CPIAUCSL,-0.0006630032235029728,0.0
1995-05-01,LINREG,DPCERA3M086SBEA,-0.0753919604959077,0.0
1995-05-01,LINREG,INDPRO,-0.003463289936083256,0.0
1995-05-01,LINREG,M2SL,-0.015116973865959202,0.0
1995-05-01,LINREG,OILPRICEX,-0.008714861750637078,0.0
1995-05-01,LINREG,RPI,0.012026764672067286,0.0
1995-05-01,LINREG,SP500,-0.2589894340171523,0.0
1995-05-01,LINREG,TB3MS,-0.022128167997464407,0.0
1995-05-01,LINREG,UNRATE_lag12,-0.27269828933293355,0.0
1995-05-01,LINREG,USREC,0.037012619852118296,0.0
1995-06-01,LINREG,BUSLOANS,0.015905859485441896,-0.3
1995-06-01,LINREG,CPIAUCSL,-0.0006154153884145116,-0.3
1995-06-01,LINREG,DPCERA3M086SBEA,-0.13116165900450116,-0.3
1995-06-01,LINREG,INDPRO,-0.01683028932151883,-0.3
1995-06-01,LINREG,M2SL,-0.02333653343043373,-0.3
1995-06-01,LINREG,OILPRICEX,0.01636633176498458,-0.3
1995-06-01,LINREG,RPI,0.006037794750387951,-0.3
1995-06-01,LINREG,SP500,-0.28326205533603804,-0.3
1995-06-01,LINREG,TB3MS,-0.053445123853209084,-0.3
1995-06-01,LINREG,UNRATE_lag12,-0.2435483443222992,-0.3
1995-06-01,LINREG,USREC,0.03699180172723931,-0.3
1995-07-01,LINREG,BUSLOANS,0.0034447370103991154,-0.2
1995-07-01,LINREG,CPIAUCSL,0.00303539584082046,-0.2
1995-07-01,LINREG,DPCERA3M086SBEA,-0.1084768171333567,-0.2
1995-07-01,LINREG,INDPRO,0.0030900573653806843,-0.2
1995-07-01,LINREG,M2SL,-0.023624146654268492,-0.2
1995-07-01,LINREG,OILPRICEX,0.04813217143856008,-0.2
1995-07-01,LINREG,RPI,-0.0055534893210170055,-0.2
1995-07-01,LINREG,SP500,-0.29596417747086573,-0.2
1995-07-01,LINREG,TB3MS,-0.04747126868843087,-0.2
1995-07-01,LINREG,UNRATE_lag12,-0.21444746770617149,-0.2
1995-07-01,LINREG,USREC,0.036997576257437964,-0.2
1995-08-01,LINREG,BUSLOANS,0.0038559235583486545,-0.6
1995-08-01,LINREG,CPIAUCSL,0.0023960698918258656,-0.6
1995-08-01,LINREG,DPCERA3M086SBEA,-0.060302750767675814,-0.6
1995-08-01,LINREG,INDPRO,-0.06417193188408842,-0.6
1995-08-01,LINREG,M2SL,-0.012438158653037466,-0.6
1995-08-01,LINREG,OILPRICEX,0.030219637464656245,-0.6
1995-08-01,LINREG,RPI,-0.00908868724263756,-0.6
1995-08-01,LINREG,SP500,-0.18331620039276297,-0.6
1995-08-01,LINREG,TB3MS,-0.055262083886140484,-0.6
1995-08-01,LINREG,UNRATE_lag12,-0.213907062809944,-0.6
1995-08-01,LINREG,USREC,0.03674655890974202,-0.6
1995-09-01,LINREG,BUSLOANS,0.0020019485449259636,-0.4
1995-09-01,LINREG,CPIAUCSL,0.002763505376685684,-0.4
1995-09-01,LINREG,DPCERA3M086SBEA,0.05562435977407312,-0.4
1995-09-01,LINREG,INDPRO,-0.07010287331921528,-0.4
1995-09-01,LINREG,M2SL,0.002159743982148844,-0.4
1995-09-01,LINREG,OILPRICEX,-0.00030866916119503754,-0.4
1995-09-01,LINREG,RPI,-0.009920148068217685,-0.4
1995-09-01,LINREG,SP500,-0.204706931581032,-0.4
1995-09-01,LINREG,TB3MS,-0.039468690217614434,-0.4
1995-09-01,LINREG,UNRATE_lag12,-0.21329920368709937,-0.4
1995-09-01,LINREG,USREC,0.036562841031242604,-0.4
1995-10-01,LINREG,BUSLOANS,0.014820801208700727,-0.3
1995-10-01,LINREG,CPIAUCSL,-0.0005442561115932501,-0.3
1995-10-01,LINREG,DPCERA3M086SBEA,0.07949897190542426,-0.3
1995-10-01,LINREG,INDPRO,-0.09027257491582344,-0.3
1995-10-01,LINREG,M2SL,0.008841563284254516,-0.3
1995-10-01,LINREG,OILPRICEX,-0.03103536180628863,-0.3
1995-10-01,LINREG,RPI,5.3964647390305284e-05,-0.3
1995-10-01,LINREG,SP500,-0.10001792848139739,-0.3
1995-10-01,LINREG,TB3MS,-0.0295844280108525,-0.3
1995-10-01,LINREG,UNRATE_lag12,-0.26870360511046176,-0.3
1995-10-01,LINREG,USREC,0.03636771080237841,-0.3
1995-11-01,LINREG,BUSLOANS,0.008405084156087407,-0.2
1995-11-01,LINREG,CPIAUCSL,-2.1656179791494634e-05,-0.2
1995-11-01,LINREG,DPCERA3M086SBEA,0.009264848740345456,-0.2
1995-11-01,LINREG,INDPRO,-0.003720674927622274,-0.2
1995-11-01,LINREG,M2SL,0.012830337418531628,-0.2
1995-11-01,LINREG,OILPRICEX,-0.019074168242283036,-0.2
1995-11-01,LINREG,RPI,-0.009342771577851744,-0.2
1995-11-01,LINREG,SP500,-0.17412973315844277,-0.2
1995-11-01,LINREG,TB3MS,-0.009860626601652739,-0.2
1995-11-01,LINREG,UNRATE_lag12,-0.26782191509440784,-0.2
1995-11-01,LINREG,USREC,0.03625955197662267,-0.2
1995-12-01,LINREG,BUSLOANS,0.007761874028051218,-0.2
1995-12-01,LINREG,CPIAUCSL,-0.0005400700648066501,-0.2
1995-12-01,LINREG,DPCERA3M086SBEA,-0.07281525156138692,-0.2
1995-12-01,LINREG,INDPRO,0.0008375094603640978,-0.2
1995-12-01,LINREG,M2SL,0.009698111168708334,-0.2
1995-12-01,LINREG,OILPRICEX,-0.011921038481805077,-0.2
1995-12-01,LINREG,RPI,0.0013256061277590403,-0.2
1995-12-01,LINREG,SP500,-0.16114492521123466,-0.2
1995-12-01,LINREG,TB3MS,-0.029508190293928805,-0.2
1995-12-01,LINREG,UNRATE_lag12,-0.26686976597951606,-0.2
1995-12-01,LINREG,USREC,0.03618969478474712,-0.2
1996-01-01,LINREG,BUSLOANS,-0.007364322671082132,-0.3
1996-01-01,LINREG,CPIAUCSL,-0.001576307771970283,-0.3
1996-01-01,LINREG,DPCERA3M086SBEA,-0.059992480439189866,-0.3
1996-01-01,LINREG,INDPRO,0.03332689153630173,-0.3
1996-01-01,LINREG,M2SL,0.004228504159390623,-0.3
1996-01-01,LINREG,OILPRICEX,-0.01550454870961778,-0.3
1996-01-01,LINREG,RPI,-0.008740956407772641,-0.3
1996-01-01,LINREG,SP500,-0.1307720955923957,-0.3
1996-01-01,LINREG,TB3MS,-0.05703169029974816,-0.3
1996-01-01,LINREG,UNRATE_lag12,-0.2661451495645269,-0.3
1996-01-01,LINREG,USREC,0.036054099781814015,-0.3
1996-02-01,LINREG,BUSLOANS,-0.0012279893609208538,-0.3
1996-02-01,LINREG,CPIAUCSL,-0.002387201524698202,-0.3
1996-02-01,LINREG,DPCERA3M086SBEA,-0.04659841543234909,-0.3
1996-02-01,LINREG,INDPRO,-0.06397516268433703,-0.3
1996-02-01,LINREG,M2SL,-0.0039362984402545355,-0.3
1996-02-01,LINREG,OILPRICEX,-0.013209014494830291,-0.3
1996-02-01,LINREG,RPI,-0.034849421489748136,-0.3
1996-02-01,LINREG,SP500,-0.26899086667855515,-0.3
1996-02-01,LINREG,TB3MS,-0.10585198593901524,-0.3
1996-02-01,LINREG,UNRATE_lag12,-0.3210545617276422,-0.3
1996-02-01,LINREG,USREC,0.03613686592296682,-0.3
1996-03-01,LINREG,BUSLOANS,-0.00281091164703263,-0.3
1996-03-01,LINREG,CPIAUCSL,-0.004027220420933786,-0.3
1996-03-01,LINREG,DPCERA3M086SBEA,-0.015549125272987593,-0.3
1996-03-01,LINREG,INDPRO,-0.025549656548699794,-0.3
1996-03-01,LINREG,M2SL,-0.01084888467890271,-0.3
1996-03-01,LINREG,OILPRICEX,-0.015424131973343958,-0.3
1996-03-01,LINREG,RPI,-0.043782584675127016,-0.3
1996-03-01,LINREG,SP500,-0.12514581073849143,-0.3
1996-03-01,LINREG,TB3MS,-0.03690389506452083,-0.3
1996-03-01,LINREG,UNRATE_lag12,-0.292004864187462,-0.3
1996-03-01,LINREG,USREC,0.03602162623259012,-0.3
1996-04-01,LINREG,BUSLOANS,0.005773697403463205,-0.5
1996-04-01,LINREG,CPIAUCSL,-0.0009700118676012933,-0.5
1996-04-01,LINREG,DPCERA3M086SBEA,-0.18393884201427094,-0.5
1996-04-01,LINREG,INDPRO,-0.15293448398218293,-0.5
1996-04-01,LINREG,M2SL,-0.005404321610537601,-0.5
1996-04-01,LINREG,OILPRICEX,-0.029832003247520906,-0.5
1996-04-01,LINREG,RPI,-0.03974752579802487,-0.5
1996-04-01,LINREG,SP500,-0.12643184397272003,-0.5
1996-04-01,LINREG,TB3MS,-0.011278437199915836,-0.5
1996-04-01,LINREG,UNRATE_lag12,-0.1515620129982309,-0.5
1996-04-01,LINREG,USREC,0.035950432226139584,-0.5
1996-05-01,LINREG,BUSLOANS,-0.0005026573973071321,-0.7
1996-05-01,LINREG,CPIAUCSL,-0.0004437709613462889,-0.7
1996-05-01,LINREG,DPCERA3M086SBEA,-0.05327355489185246,-0.7
1996-05-01,LINREG,INDPRO,-0.09550399254049478,-0.7
1996-05-01,LINREG,M2SL,-0.0020859895412583913,-0.7
1996-05-01,LINREG,OILPRICEX,-0.01094243881412291,-0.7
1996-05-01,LINREG,RPI,-0.018868019320414986,-0.7
1996-05-01,LINREG,SP500,0.01234246335638989,-0.7
1996-05-01,LINREG,TB3MS,0.035914530307584465,-0.7
1996-05-01,LINREG,UNRATE_lag12,-0.12329574492859006,-0.7
1996-05-01,LINREG,USREC,0.03564823922502662,-0.7
1996-06-01,LINREG,BUSLOANS,-0.0014961667433252813,-0.3
1996-06-01,LINREG,CPIAUCSL,0.0018549819255740266,-0.3
1996-06-01,LINREG,DPCERA3M086SBEA,0.022151870465568466,-0.3
1996-06-01,LINREG,INDPRO,-0.16822535180091958,-0.3
1996-06-01,LINREG,M2SL,0.008012897459021588,-0.3
1996-06-01,LINREG,OILPRICEX,0.031787256752599344,-0.3
1996-06-01,LINREG,RPI,-0.03526186193606091,-0.3
1996-06-01,LINREG,SP500,-0.04756345375149429,-0.3
1996-06-01,LINREG,TB3MS,0.024044080821097446,-0.3
1996-06-01,LINREG,UNRATE_lag12,-0.12292727446016617,-0.3
1996-06-01,LINREG,USREC,0.0354922340196497,-0.3
1996-07-01,LINREG,BUSLOANS,-0.002547906577455706,-0.6
1996-07-01,LINREG,CPIAUCSL,0.0016888503356087665,-0.6
1996-07-01,LINREG,DPCERA3M086SBEA,0.0536363850983552,-0.6
1996-07-01,LINREG,INDPRO,-0.08863897687505133,-0.6
1996-07-01,LINREG,M2SL,0.0037322733158007505,-0.6
1996-07-01,LINREG,OILPRICEX,0.05999098434306911,-0.6
1996-07-01,LINREG,RPI,-0.010550741559013536,-0.6
1996-07-01,LINREG,SP500,0.10409298058544222,-0.6
1996-07-01,LINREG,TB3MS,0.03781484494560782,-0.6
1996-07-01,LINREG,UNRATE_lag12,-0.09502547875196414,-0.6
1996-07-01,LINREG,USREC,0.03517260489523006,-0.6
1996-08-01,LINREG,BUSLOANS,0.0008297347942935126,-0.3
1996-08-01,LINREG,CPIAUCSL,0.0014848998263611414,-0.3
1996-08-01,LINREG,DPCERA3M086SBEA,0.01024999739664242,-0.3
1996-08-01,LINREG,INDPRO,-0.06921607058872126,-0.3
1996-08-01,LINREG,M2SL,0.0045364817539099555,-0.3
1996-08-01,LINREG,OILPRICEX,0.01332810861449421,-0.3
1996-08-01,LINREG,RPI,-0.004797670238676748,-0.3
1996-08-01,LINREG,SP500,0.07549081897784461,-0.3
1996-08-01,LINREG,TB3MS,0.004227163525498542,-0.3
1996-08-01,LINREG,UNRATE_lag12,-0.06681329008118023,-0.3
1996-08-01,LINREG,USREC,0.034996418092653137,-0.3
1996-09-01,LINREG,BUSLOANS,-0.0028468922920150018,-0.3
1996-09-01,LINREG,CPIAUCSL,0.0003721814711084644,-0.3
1996-09-01,LINREG,DPCERA3M086SBEA,0.007861891547906282,-0.3
1996-09-01,LINREG,INDPRO,-0.057909716483040406,-0.3
1996-09-01,LINREG,M2SL,0.0015183136119440899,-0.3
1996-09-01,LINREG,OILPRICEX,-0.03963811023071911,-0.3
1996-09-01,LINREG,RPI,0.014399542685133845,-0.3
1996-09-01,LINREG,SP500,0.04576247573704389,-0.3
1996-09-01,LINREG,TB3MS,-0.0017060723192983622,-0.3
1996-09-01,LINREG,UNRATE_lag12,-0.06672038912768356,-0.3
1996-09-01,LINREG,USREC,0.034840163274511005,-0.3
1996-10-01,LINREG,BUSLOANS,-0.007438901451022424,-0.5
1996-10-01,LINREG,CPIAUCSL,-0.0005533623502649248,-0.5
1996-10-01,LINREG,DPCERA3M086SBEA,-0.009183255115224371,-0.5
1996-10-01,LINREG,INDPRO,-0.059012133423006076,-0.5
1996-10-01,LINREG,M2SL,0.0012023669358729539,-0.5
1996-10-01,LINREG,OILPRICEX,-0.0496263896411693,-0.5
1996-10-01,LINREG,RPI,0.003234965950731353,-0.5
1996-10-01,LINREG,SP500,-0.2612361186253532,-0.5
1996-10-01,LINREG,TB3MS,-0.033291381188888886,-0.5
1996-10-01,LINREG,UNRATE_lag12,-0.06654659948342066,-0.5
1996-10-01,LINREG,USREC,0.03472678070178175,-0.5
1996-11-01,LINREG,BUSLOANS,-0.012103764519547639,-0.8
1996-11-01,LINREG,CPIAUCSL,-0.00176424839077309,-0.8
1996-11-01,LINREG,DPCERA3M086SBEA,0.009927407680431934,-0.8
1996-11-01,LINREG,INDPRO,-0.09298301388681678,-0.8
1996-11-01,LINREG,M2SL,-0.005641766185256147,-0.8
1996-11-01,LINREG,OILPRICEX,-0.009017310155684225,-0.8
1996-11-01,LINREG,RPI,0.0032830139376566823,-0.8
1996-11-01,LINREG,SP500,-0.3393131254793962,-0.8
1996-11-01,LINREG,TB3MS,-0.005592203935908427,-0.8
1996-11-01,LINREG,UNRATE_lag12,0.01809486499593271,-0.8
1996-11-01,LINREG,USREC,0.03461597402636273,-0.8
1996-12-01,LINREG,BUSLOANS,-0.001401546038547553,-0.7
1996-12-01,LINREG,CPIAUCSL,-0.0011287135819152065,-0.7
1996-12-01,LINREG,DPCERA3M086SBEA,-0.04449382162185358,-0.7
1996-12-01,LINREG,INDPRO,-0.09424676593953986,-0.7
1996-12-01,LINREG,M2SL,-0.01198074816371787,-0.7
1996-12-01,LINREG,OILPRICEX,0.018904758364485904,-0.7
1996-12-01,LINREG,RPI,-0.0018363759790350415,-0.7
1996-12-01,LINREG,SP500,-0.30641223985196503,-0.7
1996-12-01,LINREG,TB3MS,-0.0372219112667982,-0.7
1996-12-01,LINREG,UNRATE_lag12,0.046247821275862584,-0.7
1996-12-01,LINREG,USREC,0.03451297063107329,-0.7
1997-01-01,LINREG,BUSLOANS,0.006357411787374127,-0.7
1997-01-01,LINREG,CPIAUCSL,1.3906300593261078e-05,-0.7
1997-01-01,LINREG,DPCERA3M086SBEA,-0.07998618558581726,-0.7
1997-01-01,LINREG,INDPRO,-0.10516522623750876,-0.7
1997-01-01,LINREG,M2SL,-0.009345372194671226,-0.7
1997-01-01,LINREG,OILPRICEX,0.026466108775661763,-0.7
1997-01-01,LINREG,RPI,-0.029670512324180456,-0.7
1997-01-01,LINREG,SP500,-0.2727365732788345,-0.7
1997-01-01,LINREG,TB3MS,0.006353547773153205,-0.7
1997-01-01,LINREG,UNRATE_lag12,0.01799358370200946,-0.7
1997-01-01,LINREG,USREC,0.034403169995774814,-0.7
1997-02-01,LINREG,BUSLOANS,0.008328709691666712,-0.6
1997-02-01,LINREG,CPIAUCSL,0.0015211313067609131,-0.6
1997-02-01,LINREG,DPCERA3M086SBEA,-0.0723454221882677,-0.6
1997-02-01,LINREG,INDPRO,-0.1280366663221525,-0.6
1997-02-01,LINREG,M2SL,0.00013477784592283776,-0.6
1997-02-01,LINREG,OILPRICEX,0.02589005582982099,-0.6
1997-02-01,LINREG,RPI,-0.029373525242209785,-0.6
1997-02-01,LINREG,SP500,-0.24576104711679872,-0.6
1997-02-01,LINREG,TB3MS,-0.00552648954405511,-0.6
1997-02-01,LINREG,UNRATE_lag12,0.046138388936940784,-0.6
1997-02-01,LINREG,USREC,0.03429374522177851,-0.6
1997-03-01,LINREG,BUSLOANS,0.0036924228634712913,-0.5
1997-03-01,LINREG,CPIAUCSL,0.0019319963577617504,-0.5
1997-03-01,LINREG,DPCERA3M086SBEA,-0.046117188768694646,-0.5
1997-03-01,LINREG,INDPRO,-0.1275487069419128,-0.5
1997-03-01,LINREG,M2SL,0.008092742050731593,-0.5
1997-03-01,LINREG,OILPRICEX,0.04511778819514114,-0.5
1997-03-01,LINREG,RPI,-0.03359114310981968,-0.5
1997-03-01,LINREG,SP500,-0.17163092262979796,-0.5
1997-03-01,LINREG,TB3MS,0.043884432077937734,-0.5
1997-03-01,LINREG,UNRATE_lag12,0.04604994574494598,-0.5
1997-03-01,LINREG,USREC,0.03418337114015591,-0.5
1997-04-01,LINREG,BUSLOANS,-0.005216857836049131,-0.8
1997-04-01,LINREG,CPIAUCSL,0.00017342091705943114,-0.8
1997-04-01,LINREG,DPCERA3M086SBEA,0.04975735501264206,-0.8
1997-04-01,LINREG,INDPRO,-0.12609904172017336,-0.8
1997-04-01,LINREG,M2SL,0.006123708187092952,-0.8
1997-04-01,LINREG,OILPRICEX,0.04338247840884304,-0.8
1997-04-01,LINREG,RPI,-0.008417798898755675,-0.8
1997-04-01,LINREG,SP500,0.10063011680162359,-0.8
1997-04-01,LINREG,TB3MS,0.02410737228807239,-0.8
1997-04-01,LINREG,UNRATE_lag12,-0.038629804776178556,-0.8
1997-04-01,LINREG,USREC,0.03388053625643462,-0.8
1997-05-01,LINREG,BUSLOANS,-0.0025995109452364397,-0.5
1997-05-01,LINREG,CPIAUCSL,-0.000754371606931394,-0.5
1997-05-01,LINREG,DPCERA3M086SBEA,0.07901984637982667,-0.5
1997-05-01,LINREG,INDPRO,-0.07151695033575099,-0.5
1997-05-01,LINREG,M2SL,0.0025127861846802615,-0.5
1997-05-01,LINREG,OILPRICEX,-0.001138293096928764,-0.5
1997-05-01,LINREG,RPI,-0.015334327760829165,-0.5
1997-05-01,LINREG,SP500,-0.08488591009998876,-0.5
1997-05-01,LINREG,TB3MS,0.006196145607967527,-0.5
1997-05-01,LINREG,UNRATE_lag12,0.017999488385358413,-0.5
1997-05-01,LINREG,USREC,0.03375989675451348,-0.5
1997-06-01,LINREG,BUSLOANS,-0.000388470419267053,-0.5
1997-06-01,LINREG,CPIAUCSL,-0.00028212716264173663,-0.5
1997-06-01,LINREG,DPCERA3M086SBEA,0.03396695097382568,-0.5
1997-06-01,LINREG,INDPRO,-0.05637953547664968,-0.5
1997-06-01,LINREG,M2SL,-0.0005966376369406173,-0.5
1997-06-01,LINREG,OILPRICEX,-0.01837650324033757,-0.5
1997-06-01,LINREG,RPI,-0.010091458735445199,-0.5
1997-06-01,LINREG,SP500,-0.32252777193273036,-0.5
1997-06-01,LINREG,TB3MS,-0.04344115227463913,-0.5
1997-06-01,LINREG,UNRATE_lag12,-0.0668689031453949,-0.5
1997-06-01,LINREG,USREC,0.03365445408034213,-0.5
1997-07-01,LINREG,BUSLOANS,0.011112881828207523,-0.4
1997-07-01,LINREG,CPIAUCSL,3.217624062617747e-06,-0.4
1997-07-01,LINREG,DPCERA3M086SBEA,-0.15145381849518896,-0.4
1997-07-01,LINREG,INDPRO,-0.11831455348300288,-0.4
1997-07-01,LINREG,M2SL,-0.0013235138666826244,-0.4
1997-07-01,LINREG,OILPRICEX,-0.03977070875710316,-0.4
1997-07-01,LINREG,RPI,-0.028365472368870333,-0.4
1997-07-01,LINREG,SP500,-0.5549100663596463,-0.4
1997-07-01,LINREG,TB3MS,-0.023516218750797593,-0.4
1997-07-01,LINREG,UNRATE_lag12,-0.03861789448681588,-0.4
1997-07-01,LINREG,USREC,0.03363249734622561,-0.4
1997-08-01,LINREG,BUSLOANS,0.008527568547050146,-0.3
1997-08-01,LINREG,CPIAUCSL,0.001532143238478264,-0.3
1997-08-01,LINREG,DPCERA3M086SBEA,-0.2568580306996597,-0.3
1997-08-01,LINREG,INDPRO,-0.1541770620495074,-0.3
1997-08-01,LINREG,M2SL,-0.006474175410549739,-0.3
1997-08-01,LINREG,OILPRICEX,-0.004018918141105309,-0.3
1997-08-01,LINREG,RPI,-0.035093347413706316,-0.3
1997-08-01,LINREG,SP500,-0.3394975576500467,-0.3
1997-08-01,LINREG,TB3MS,0.016265536833088436,-0.3
1997-08-01,LINREG,UNRATE_lag12,-0.1529084780901856,-0.3
1997-08-01,LINREG,USREC,0.033754741339062054,-0.3
1997-09-01,LINREG,BUSLOANS,0.0023284572710837357,-0.3
1997-09-01,LINREG,CPIAUCSL,0.0016952961318262034,-0.3
1997-09-01,LINREG,DPCERA3M086SBEA,-0.16320153647643856,-0.3
1997-09-01,LINREG,INDPRO,-0.18999662902976647,-0.3
1997-09-01,LINREG,M2SL,-0.005027480853517096,-0.3
1997-09-01,LINREG,OILPRICEX,-0.02060059365974125,-0.3
1997-09-01,LINREG,RPI,-0.03202430215867764,-0.3
1997-09-01,LINREG,SP500,-0.17777792694142455,-0.3
1997-09-01,LINREG,TB3MS,0.00230551499028551,-0.3
1997-09-01,LINREG,UNRATE_lag12,-0.09565562582858825,-0.3
1997-09-01,LINREG,USREC,0.033784459907243006,-0.3
1997-10-01,LINREG,BUSLOANS,-0.005178124437801195,-0.2
1997-10-01,LINREG,CPIAUCSL,0.0019307597782894847,-0.2
1997-10-01,LINREG,DPCERA3M086SBEA,-0.0805143820321467,-0.2
1997-10-01,LINREG,INDPRO,-0.1908826941043813,-0.2
1997-10-01,LINREG,M2SL,-0.0043373633281667216,-0.2
1997-10-01,LINREG,OILPRICEX,-0.014287532849280768,-0.2
1997-10-01,LINREG,RPI,-0.03534731379622504,-0.2
1997-10-01,LINREG,SP500,-0.01973032557937656,-0.2
1997-10-01,LINREG,TB3MS,-0.017521498051996133,-0.2
1997-10-01,LINREG,UNRATE_lag12,-0.0668514429752857,-0.2
1997-10-01,LINREG,USREC,0.033765325482173515,-0.2
1997-11-01,LINREG,BUSLOANS,-0.002896602371086899,-0.2
1997-11-01,LINREG,CPIAUCSL,6.407812172576391e-06,-0.2
1997-11-01,LINREG,DPCERA3M086SBEA,-0.04190541816501104,-0.2
1997-11-01,LINREG,INDPRO,-0.1725523753703758,-0.2
1997-11-01,LINREG,M2SL,0.002425750137950048,-0.2
1997-11-01,LINREG,OILPRICEX,-0.00965171711514097,-0.2
1997-11-01,LINREG,RPI,-0.040835309062056166,-0.2
1997-11-01,LINREG,SP500,0.04051199204136884,-0.2
1997-11-01,LINREG,TB3MS,-0.001638006125604878,-0.2
1997-11-01,LINREG,UNRATE_lag12,-0.03802902639373453,-0.2
1997-11-01,LINREG,USREC,0.03369466883511695,-0.2
1997-12-01,LINREG,BUSLOANS,0.003810787959115139,-0.3
1997-12-01,LINREG,CPIAUCSL,-0.001166650038640784,-0.3
1997-12-01,LINREG,DPCERA3M086SBEA,-0.14999007634554049,-0.3
1997-12-01,LINREG,INDPRO,-0.13190575791756035,-0.3
1997-12-01,LINREG,M2SL,0.0016966425178165444,-0.3
1997-12-01,LINREG,OILPRICEX,0.016928764835885356,-0.3
1997-12-01,LINREG,RPI,-0.0553676441340368,-0.3
1997-12-01,LINREG,SP500,-0.016231942889469334,-0.3
1997-12-01,LINREG,TB3MS,0.03993138265719417,-0.3
1997-12-01,LINREG,UNRATE_lag12,-0.037934205165606416,-0.3
1997-12-01,LINREG,USREC,0.03361105081900918,-0.3
1998-01-01,LINREG,BUSLOANS,-0.0027780290808741967,-0.3
1998-01-01,LINREG,CPIAUCSL,-0.0018077331863975306,-0.3
1998-01-01,LINREG,DPCERA3M086SBEA,-0.03175699880627921,-0.3
1998-01-01,LINREG,INDPRO,-0.09489542838517741,-0.3
1998-01-01,LINREG,M2SL,0.0011085497472596026,-0.3
1998-01-01,LINREG,OILPRICEX,0.05013924497040017,-0.3
1998-01-01,LINREG,RPI,-0.07405733629026602,-0.3
1998-01-01,LINREG,SP500,0.03957626285680172,-0.3
1998-01-01,LINREG,TB3MS,0.012128341129388747,-0.3
1998-01-01,LINREG,UNRATE_lag12,-0.06651749300556374,-0.3
1998-01-01,LINREG,USREC,0.03347590579262663,-0.3
1998-02-01,LINREG,BUSLOANS,-0.00512799587232814,-0.2
1998-02-01,LINREG,CPIAUCSL,-0.001803855015776328,-0.2
1998-02-01,LINREG,DPCERA3M086SBEA,-0.07877589488656793,-0.2
1998-02-01,LINREG,INDPRO,-0.04349431023603405,-0.2
1998-02-01,LINREG,M2SL,-0.003102681066103966,-0.2
1998-02-01,LINREG,OILPRICEX,0.03812578446200222,-0.2
1998-02-01,LINREG,RPI,-0.06983844792893198,-0.2
1998-02-01,LINREG,SP500,-0.2546478475560001,-0.2
1998-02-01,LINREG,TB3MS,-0.011670329818990605,-0.2
1998-02-01,LINREG,UNRATE_lag12,-0.06635871273487033,-0.2
1998-02-01,LINREG,USREC,0.0334419753557792,-0.2
1998-03-01,LINREG,BUSLOANS,-0.006535384605063087,-0.5
1998-03-01,LINREG,CPIAUCSL,-0.0012097413662722155,-0.5
1998-03-01,LINREG,DPCERA3M086SBEA,-0.053941749893471995,-0.5
1998-03-01,LINREG,INDPRO,-0.011179029502630892,-0.5
1998-03-01,LINREG,M2SL,-0.003933648546356743,-0.5
1998-03-01,LINREG,OILPRICEX,0.018858699473191503,-0.5
1998-03-01,LINREG,RPI,-0.06913773753667858,-0.5
1998-03-01,LINREG,SP500,-0.3569311688331955,-0.5
1998-03-01,LINREG,TB3MS,-0.027487915259940123,-0.5
1998-03-01,LINREG,UNRATE_lag12,-0.06618841425528538,-0.5
1998-03-01,LINREG,USREC,0.03335568781604203,-0.5
1998-04-01,LINREG,BUSLOANS,0.015579512826628956,0.0
1998-04-01,LINREG,CPIAUCSL,-0.000854168185858599,0.0
1998-04-01,LINREG,DPCERA3M086SBEA,-0.1761831297727381,0.0
1998-04-01,LINREG,INDPRO,-0.0033587258836106698,0.0
1998-04-01,LINREG,M2SL,-0.003530717675553799,0.0
1998-04-01,LINREG,OILPRICEX,-0.025141241869885953,0.0
1998-04-01,LINREG,RPI,-0.042578226681756905,0.0
1998-04-01,LINREG,SP500,-0.4745328968223353,0.0
1998-04-01,LINREG,TB3MS,-0.019613171824731546,0.0
1998-04-01,LINREG,UNRATE_lag12,-0.12371300053042113,0.0
1998-04-01,LINREG,USREC,0.03342198364698691,0.0
1998-05-01,LINREG,BUSLOANS,0.011906419445418027,-0.2
1998-05-01,LINREG,CPIAUCSL,0.0010453017590901694,-0.2
1998-05-01,LINREG,DPCERA3M086SBEA,-0.18957237765366988,-0.2
1998-05-01,LINREG,INDPRO,-0.04500304278735154,-0.2
1998-05-01,LINREG,M2SL,-3.01235173813158e-05,-0.2
1998-05-01,LINREG,OILPRICEX,-0.022755964990344667,-0.2
1998-05-01,LINREG,RPI,-0.03204905974107708,-0.2
1998-05-01,LINREG,SP500,-0.2204651624030326,-0.2
1998-05-01,LINREG,TB3MS,-0.019573548545727258,-0.2
1998-05-01,LINREG,UNRATE_lag12,-0.1809945206570276,-0.2
1998-05-01,LINREG,USREC,0.033463342721686856,-0.2
1998-06-01,LINREG,BUSLOANS,-0.004178002222438192,-0.2
1998-06-01,LINREG,CPIAUCSL,0.002315992841322251,-0.2
1998-06-01,LINREG,DPCERA3M086SBEA,-0.2309464624832258,-0.2
1998-06-01,LINREG,INDPRO,0.008614603798846435,-0.2
1998-06-01,LINREG,M2SL,0.002588788288651538,-0.2
1998-06-01,LINREG,OILPRICEX,-0.015758181087817808,-0.2
1998-06-01,LINREG,RPI,-0.02977672161527373,-0.2
1998-06-01,LINREG,SP500,-0.021509089473259992,-0.2
1998-06-01,LINREG,TB3MS,-0.011568631991239808,-0.2
1998-06-01,LINREG,UNRATE_lag12,-0.06541219337797563,-0.2
1998-06-01,LINREG,USREC,0.03338931000890156,-0.2
1998-07-01,LINREG,BUSLOANS,-0.029022974356700586,-0.2
1998-07-01,LINREG,CPIAUCSL,0.003100414783262921,-0.2
1998-07-01,LINREG,DPCERA3M086SBEA,-0.13889732118913128,-0.2
1998-07-01,LINREG,INDPRO,0.07013247947689577,-0.2
1998-07-01,LINREG,M2SL,0.004319340490202159,-0.2
1998-07-01,LINREG,OILPRICEX,0.0012403297591494463,-0.2
1998-07-01,LINREG,RPI,-0.02145349241122265,-0.2
1998-07-01,LINREG,SP500,-0.061642160845945836,-0.2
1998-07-01,LINREG,TB3MS,0.00038172179021471876,-0.2
1998-07-01,LINREG,UNRATE_lag12,-0.1514568905673445,-0.2
1998-07-01,LINREG,USREC,0.033302066164337146,-0.2
1998-08-01,LINREG,BUSLOANS,-0.01800765941637458,-0.3
1998-08-01,LINREG,CPIAUCSL,0.0007751129109804065,-0.3
1998-08-01,LINREG,DPCERA3M086SBEA,-0.0869771437050884,-0.3
1998-08-01,LINREG,INDPRO,-0.04770244289466137,-0.3
1998-08-01,LINREG,M2SL,0.00233324570697207,-0.3
1998-08-01,LINREG,OILPRICEX,0.003482043578783595,-0.3
1998-08-01,LINREG,RPI,-0.017903860571044147,-0.3
1998-08-01,LINREG,SP500,0.21313419076495146,-0.3
1998-08-01,LINREG,TB3MS,-0.021559436392053898,-0.3
1998-08-01,LINREG,UNRATE_lag12,-0.06497285142935855,-0.3
1998-08-01,LINREG,USREC,0.033136578530668134,-0.3
1998-09-01,LINREG,BUSLOANS,0.005912115865502225,-0.4
1998-09-01,LINREG,CPIAUCSL,-0.00043201718930453557,-0.4
1998-09-01,LINREG,DPCERA3M086SBEA,-0.10280879159068548,-0.4
1998-09-01,LINREG,INDPRO,-0.09430051113656088,-0.4
1998-09-01,LINREG,M2SL,-0.0026371162840298896,-0.4
1998-09-01,LINREG,OILPRICEX,-0.02831060658065001,-0.4
1998-09-01,LINREG,RPI,-0.007884783505122518,-0.4
1998-09-01,LINREG,SP500,0.410902299388711,-0.4
1998-09-01,LINREG,TB3MS,-0.07573437540257733,-0.4
1998-09-01,LINREG,UNRATE_lag12,-0.06499230607314849,-0.4
1998-09-01,LINREG,USREC,0.03290423747381146,-0.4
1998-10-01,LINREG,BUSLOANS,0.0013264701963191336,-0.4
1998-10-01,LINREG,CPIAUCSL,-0.0015184531786450908,-0.4
1998-10-01,LINREG,DPCERA3M086SBEA,-0.15680787290137072,-0.4
1998-10-01,LINREG,INDPRO,-0.18661886390401655,-0.4
1998-10-01,LINREG,M2SL,-0.009506232145658258,-0.4
1998-10-01,LINREG,OILPRICEX,-0.017775694559528602,-0.4
1998-10-01,LINREG,RPI,-0.007698298742893081,-0.4
1998-10-01,LINREG,SP500,0.5263329763767794,-0.4
1998-10-01,LINREG,TB3MS,-0.20332406208565612,-0.4
1998-10-01,LINREG,UNRATE_lag12,-0.12274601412634122,-0.4
1998-10-01,LINREG,USREC,0.03262506342796791,-0.4
1998-11-01,LINREG,BUSLOANS,-0.008880043256225352,-0.3
1998-11-01,LINREG,CPIAUCSL,-0.0004930065398953391,-0.3
1998-11-01,LINREG,DPCERA3M086SBEA,-0.12003152967923199,-0.3
1998-11-01,LINREG,INDPRO,-0.004214196975038625,-0.3
1998-11-01,LINREG,M2SL,-0.01163591811822253,-0.3
1998-11-01,LINREG,OILPRICEX,-0.010697430674274602,-0.3
1998-11-01,LINREG,RPI,-0.011512810095771412,-0.3
1998-11-01,LINREG,SP500,-0.1544288527053805,-0.3
1998-11-01,LINREG,TB3MS,-0.0998121268458739,-0.3
1998-11-01,LINREG,UNRATE_lag12,-0.208950335568524,-0.3
1998-11-01,LINREG,USREC,0.03261420344704226,-0.3
1998-12-01,LINREG,BUSLOANS,-0.003684744843042121,-0.4
1998-12-01,LINREG,CPIAUCSL,0.00131307593837641,-0.4
1998-12-01,LINREG,DPCERA3M086SBEA,-0.1339616188419441,-0.4
1998-12-01,LINREG,INDPRO,-0.047453028024507314,-0.4
1998-12-01,LINREG,M2SL,-0.004530775294302885,-0.4
1998-12-01,LINREG,OILPRICEX,0.05845696629621807,-0.4
1998-12-01,LINREG,RPI,-0.007329760877599038,-0.4
1998-12-01,LINREG,SP500,-0.5004062510016393,-0.4
1998-12-01,LINREG,TB3MS,-0.045111034749224434,-0.4
1998-12-01,LINREG,UNRATE_lag12,-0.17955836727210467,-0.4
1998-12-01,LINREG,USREC,0.032641395616798956,-0.4
1999-01-01,LINREG,BUSLOANS,0.038583143604717866,-0.3
1999-01-01,LINREG,CPIAUCSL,0.0006160745231675013,-0.3
1999-01-01,LINREG,DPCERA3M086SBEA,-0.05044911516940128,-0.3
1999-01-01,LINREG,INDPRO,-0.02603808471242904,-0.3
1999-01-01,LINREG,M2SL,0.0024420521352848646,-0.3
1999-01-01,LINREG,OILPRICEX,0.025590634998430478,-0.3
1999-01-01,LINREG,RPI,-0.015927760425701053,-0.3
1999-01-01,LINREG,SP500,-0.5794632475255453,-0.3
1999-01-01,LINREG,TB3MS,0.07604227813225993,-0.3
1999-01-01,LINREG,UNRATE_lag12,-0.17960405078886485,-0.3
1999-01-01,LINREG,USREC,0.03258246352056121,-0.3
1999-02-01,LINREG,BUSLOANS,0.052840126536426626,-0.3
1999-02-01,LINREG,CPIAUCSL,-0.0005531956369297171,-0.3
1999-02-01,LINREG,DPCERA3M086SBEA,-0.08962608053029505,-0.3
1999-02-01,LINREG,INDPRO,-0.08429125885950106,-0.3
1999-02-01,LINREG,M2SL,0.009159270057338997,-0.3
1999-02-01,LINREG,OILPRICEX,0.0037801043511629237,-0.3
1999-02-01,LINREG,RPI,-0.013452175170171507,-0.3
1999-02-01,LINREG,SP500,-0.23618883524312206,-0.3
1999-02-01,LINREG,TB3MS,0.005212345086688787,-0.3
1999-02-01,LINREG,UNRATE_lag12,-0.15025943169549727,-0.3
1999-02-01,LINREG,USREC,0.03250300911792322,-0.3
1999-03-01,LINREG,BUSLOANS,0.029276803319052063,-0.2
1999-03-01,LINREG,CPIAUCSL,-0.00240509786830675,-0.2
1999-03-01,LINREG,DPCERA3M086SBEA,-0.023957354734156413,-0.2
1999-03-01,LINREG,INDPRO,-0.06475950955963515,-0.2
1999-03-01,LINREG,M2SL,0.013312963879214136,-0.2
1999-03-01,LINREG,OILPRICEX,-0.08294464052989954,-0.2
1999-03-01,LINREG,RPI,-0.008477724996101709,-0.2
1999-03-01,LINREG,SP500,-0.19189527856134572,-0.2
1999-03-01,LINREG,TB3MS,0.009244679210944497,-0.2
1999-03-01,LINREG,UNRATE_lag12,-0.12096720551578814,-0.2
1999-03-01,LINREG,USREC,0.03245627147891672,-0.2
1999-04-01,LINREG,BUSLOANS,-0.0056542801250183215,-0.5
1999-04-01,LINREG,CPIAUCSL,0.0020065564329329604,-0.5
1999-04-01,LINREG,DPCERA3M086SBEA,-0.15730928528374669,-0.5
1999-04-01,LINREG,INDPRO,-0.04744702127377016,-0.5
1999-04-01,LINREG,M2SL,0.009277865565874177,-0.5
1999-04-01,LINREG,OILPRICEX,-0.07286859693126797,-0.5
1999-04-01,LINREG,RPI,0.01922062851057794,-0.5
1999-04-01,LINREG,SP500,-0.16265496306217606,-0.5
1999-04-01,LINREG,TB3MS,-0.011016085470573481,-0.5
1999-04-01,LINREG,UNRATE_lag12,-0.20748851016353012,-0.5
1999-04-01,LINREG,USREC,0.03235316762874759,-0.5
1999-05-01,LINREG,BUSLOANS,-0.01702514281143741,-0.2
1999-05-01,LINREG,CPIAUCSL,0.0034241127654075585,-0.2
1999-05-01,LINREG,DPCERA3M086SBEA,-0.15401494707621738,-0.2
1999-05-01,LINREG,INDPRO,-0.049458337555025815,-0.2
1999-05-01,LINREG,M2SL,0.0051344464387618255,-0.2
1999-05-01,LINREG,OILPRICEX,-0.0667458564018502,-0.2
1999-05-01,LINREG,RPI,0.027536707519807666,-0.2
1999-05-01,LINREG,SP500,-0.1609622848730126,-0.2
1999-05-01,LINREG,TB3MS,0.011254277530775248,-0.2
1999-05-01,LINREG,UNRATE_lag12,-0.12004848530380104,-0.2
1999-05-01,LINREG,USREC,0.03233853140564419,-0.2
1999-06-01,LINREG,BUSLOANS,0.00037373245286789866,-0.3
1999-06-01,LINREG,CPIAUCSL,0.003647610908770313,-0.3
1999-06-01,LINREG,DPCERA3M086SBEA,-0.14281835550078728,-0.3
1999-06-01,LINREG,INDPRO,-0.023317364005999177,-0.3
1999-06-01,LINREG,M2SL,-0.004691008482661953,-0.3
1999-06-01,LINREG,OILPRICEX,0.008759263948446956,-0.3
1999-06-01,LINREG,RPI,0.016905789129687217,-0.3
1999-06-01,LINREG,SP500,-0.027464470310299766,-0.3
1999-06-01,LINREG,TB3MS,0.025378405415765873,-0.3
1999-06-01,LINREG,UNRATE_lag12,-0.11980965674177572,-0.3
1999-06-01,LINREG,USREC,0.032231369823862925,-0.3
1999-07-01,LINREG,BUSLOANS,-0.0015568772513363217,-0.3
1999-07-01,LINREG,CPIAUCSL,-0.0018559987333568086,-0.3
1999-07-01,LINREG,DPCERA3M086SBEA,-0.059034203067588484,-0.3
1999-07-01,LINREG,INDPRO,-0.05298952641600582,-0.3
1999-07-01,LINREG,M2SL,-0.003992212809650226,-0.3
1999-07-01,LINREG,OILPRICEX,0.025685494393659875,-0.3
1999-07-01,LINREG,RPI,-0.005374320698240384,-0.3
1999-07-01,LINREG,SP500,-0.0374757937326965,-0.3
1999-07-01,LINREG,TB3MS,0.05158074874250173,-0.3
1999-07-01,LINREG,UNRATE_lag12,-0.09061773381663425,-0.3
1999-07-01,LINREG,USREC,0.03210862135556913,-0.3
1999-08-01,LINREG,BUSLOANS,-0.026822363956510244,-0.1
1999-08-01,LINREG,CPIAUCSL,-0.0009419870545151928,-0.1
1999-08-01,LINREG,DPCERA3M086SBEA,-0.07104631399849388,-0.1
1999-08-01,LINREG,INDPRO,-0.03328385371172467,-0.1
1999-08-01,LINREG,M2SL,-0.0015091248906933773,-0.1
1999-08-01,LINREG,OILPRICEX,0.0292621301607316,-0.1
1999-08-01,LINREG,RPI,-0.0148400173715772,-0.1
1999-08-01,LINREG,SP500,0.10550687142510194,-0.1
1999-08-01,LINREG,TB3MS,0.04338831680245525,-0.1
1999-08-01,LINREG,UNRATE_lag12,-0.061454982803669775,-0.1
1999-08-01,LINREG,USREC,0.032004480398649504,-0.1
1999-09-01,LINREG,BUSLOANS,-0.0268479418583658,-0.3
1999-09-01,LINREG,CPIAUCSL,0.0026355788807729016,-0.3
1999-09-01,LINREG,DPCERA3M086SBEA,-0.08671984670316656,-0.3
1999-09-01,LINREG,INDPRO,-0.005387304663714635,-0.3
1999-09-01,LINREG,M2SL,0.003956915257701947,-0.3
1999-09-01,LINREG,OILPRICEX,-0.013117531381728924,-0.3
1999-09-01,LINREG,RPI,0.0023628989059452997,-0.3
1999-09-01,LINREG,SP500,0.10471089444791001,-0.3
1999-09-01,LINREG,TB3MS,0.021080536669288396,-0.3
1999-09-01,LINREG,UNRATE_lag12,-0.06140674305845841,-0.3
1999-09-01,LINREG,USREC,0.03187719910419284,-0.3
1999-10-01,LINREG,BUSLOANS,-0.011441307930817834,-0.2
1999-10-01,LINREG,CPIAUCSL,0.0024008799424123204,-0.2
1999-10-01,LINREG,DPCERA3M086SBEA,-0.09685040575841193,-0.2
1999-10-01,LINREG,INDPRO,-0.05933510366005517,-0.2
1999-10-01,LINREG,M2SL,0.004328139240725932,-0.2
1999-10-01,LINREG,OILPRICEX,0.0032209181218461895,-0.2
1999-10-01,LINREG,RPI,-0.011719814993835589,-0.2
1999-10-01,LINREG,SP500,0.3206433274363737,-0.2
1999-10-01,LINREG,TB3MS,0.06158745996237426,-0.2
1999-10-01,LINREG,UNRATE_lag12,-0.03229724552548987,-0.2
1999-10-01,LINREG,USREC,0.03174545661742094,-0.2
1999-11-01,LINREG,BUSLOANS,-0.003082094384143122,-0.2
1999-11-01,LINREG,CPIAUCSL,0.000798300875406655,-0.2
1999-11-01,LINREG,DPCERA3M086SBEA,-0.09041704942705049,-0.2
1999-11-01,LINREG,INDPRO,-0.06627435407607295,-0.2
1999-11-01,LINREG,M2SL,0.002004051679437035,-0.2
1999-11-01,LINREG,OILPRICEX,0.0023568763516905334,-0.2
1999-11-01,LINREG,RPI,-0.020917720037757766,-0.2
1999-11-01,LINREG,SP500,-0.08637072584441298,-0.2
1999-11-01,LINREG,TB3MS,0.06958232697750867,-0.2
1999-11-01,LINREG,UNRATE_lag12,-0.032205650925972606,-0.2
1999-11-01,LINREG,USREC,0.03165895559055273,-0.2
1999-12-01,LINREG,BUSLOANS,0.0027873017281204227,-0.1
1999-12-01,LINREG,CPIAUCSL,-0.0025120602400767124,-0.1
1999-12-01,LINREG,DPCERA3M086SBEA,-0.22517020880342772,-0.1
1999-12-01,LINREG,INDPRO,-0.16377834517029163,-0.1
1999-12-01,LINREG,M2SL,-0.002191553179184348,-0.1
1999-12-01,LINREG,OILPRICEX,0.028595712847373438,-0.1
1999-12-01,LINREG,RPI,-0.054248788123189104,-0.1
1999-12-01,LINREG,SP500,-0.2134792609061278,-0.1
1999-12-01,LINREG,TB3MS,0.1043566093869264,-0.1
1999-12-01,LINREG,UNRATE_lag12,-0.06148298138524837,-0.1
1999-12-01,LINREG,USREC,0.031728227862220675,-0.1
2000-01-01,LINREG,BUSLOANS,-0.003437167717640786,0.2
2000-01-01,LINREG,CPIAUCSL,-0.00061972035151727,0.2
2000-01-01,LINREG,DPCERA3M086SBEA,-0.13466463243699078,0.2
2000-01-01,LINREG,INDPRO,-0.05086426887922652,0.2
2000-01-01,LINREG,M2SL,-0.0038557976591514407,0.2
2000-01-01,LINREG,OILPRICEX,-0.009041076058349517,0.2
2000-01-01,LINREG,RPI,-0.05641222642091515,0.2
2000-01-01,LINREG,SP500,-0.25542447762876347,0.2
2000-01-01,LINREG,TB3MS,0.09241991133355532,0.2
2000-01-01,LINREG,UNRATE_lag12,-0.06151087609397605,0.2
2000-01-01,LINREG,USREC,0.03174019258137569,0.2
2000-02-01,LINREG,BUSLOANS,0.021766372903446178,0.1
2000-02-01,LINREG,CPIAUCSL,0.0010606552768593635,0.1
2000-02-01,LINREG,DPCERA3M086SBEA,-0.22126532957894746,0.1
2000-02-01,LINREG,INDPRO,-0.03648728944669858,0.1
2000-02-01,LINREG,M2SL,-0.00205848748321634,0.1
2000-02-01,LINREG,OILPRICEX,-0.000532169439750156,0.1
2000-02-01,LINREG,RPI,-0.045057275804842555,0.1
2000-02-01,LINREG,SP500,0.09702235559746393,0.1
2000-02-01,LINREG,TB3MS,0.09657230855706975,0.1
2000-02-01,LINREG,UNRATE_lag12,-0.03205415258101199,0.1
2000-02-01,LINREG,USREC,0.03165269250427226,0.1
2000-03-01,LINREG,BUSLOANS,0.0006536474779587495,0.3
2000-03-01,LINREG,CPIAUCSL,0.005937024840604815,0.3
2000-03-01,LINREG,DPCERA3M086SBEA,-0.08380103129432295,0.3
2000-03-01,LINREG,INDPRO,-0.001159701613949159,0.3
2000-03-01,LINREG,M2SL,-0.00022703076101364183,0.3
2000-03-01,LINREG,OILPRICEX,-0.007116264034275663,0.3
2000-03-01,LINREG,RPI,-0.026584513468595573,0.3
2000-03-01,LINREG,SP500,0.055663680124604924,0.3
2000-03-01,LINREG,TB3MS,0.09853905020169779,0.3
2000-03-01,LINREG,UNRATE_lag12,-0.11972488965887207,0.3
2000-03-01,LINREG,USREC,0.03159705265896305,0.3
2000-04-01,LINREG,BUSLOANS,-0.008909945626222632,0.6
2000-04-01,LINREG,CPIAUCSL,0.002871125025457213,0.6
2000-04-01,LINREG,DPCERA3M086SBEA,-0.12468806489237948,0.6
2000-04-01,LINREG,INDPRO,-0.06449669797010087,0.6
2000-04-01,LINREG,M2SL,-0.003657908476219648,0.6
2000-04-01,LINREG,OILPRICEX,0.03632408260669216,0.6
2000-04-01,LINREG,RPI,-0.015520193533662838,0.6
2000-04-01,LINREG,SP500,-0.002227892357035448,0.6
2000-04-01,LINREG,TB3MS,0.06764355277638838,0.6
2000-04-01,LINREG,UNRATE_lag12,0.02684128022807649,0.6
2000-04-01,LINREG,USREC,0.03148311445729661,0.6
2000-05-01,LINREG,BUSLOANS,-0.022522921207983944,0.3
2000-05-01,LINREG,CPIAUCSL,-0.002811317984693715,0.3
2000-05-01,LINREG,DPCERA3M086SBEA,-0.01525365894549715,0.3
2000-05-01,LINREG,INDPRO,-0.06086328383462817,0.3
2000-05-01,LINREG,M2SL,-0.0007082388868461894,0.3
2000-05-01,LINREG,OILPRICEX,0.028268050695176922,0.3
2000-05-01,LINREG,RPI,-0.013682915434659297,0.3
2000-05-01,LINREG,SP500,0.011682060045527772,0.3
2000-05-01,LINREG,TB3MS,0.04685833974766258,0.3
2000-05-01,LINREG,UNRATE_lag12,-0.03155601890927177,0.3
2000-05-01,LINREG,USREC,0.03146275071899265,0.3
2000-06-01,LINREG,BUSLOANS,-0.010676597474691638,0.5
2000-06-01,LINREG,CPIAUCSL,-0.004829311531684984,0.5
2000-06-01,LINREG,DPCERA3M086SBEA,0.03933121169057501,0.5
2000-06-01,LINREG,INDPRO,-0.03343179200023266,0.5
2000-06-01,LINREG,M2SL,0.001879646901942947,0.5
2000-06-01,LINREG,OILPRICEX,0.011011267302542366,0.5
2000-06-01,LINREG,RPI,-0.013398029742000762,0.5
2000-06-01,LINREG,SP500,0.03998034142485816,0.5
2000-06-01,LINREG,TB3MS,-0.002667161242111318,0.5
2000-06-01,LINREG,UNRATE_lag12,-0.031362529662338844,0.5
2000-06-01,LINREG,USREC,0.03146191714590056,0.5
2000-07-01,LINREG,BUSLOANS,0.0002545216687433918,0.6
2000-07-01,LINREG,CPIAUCSL,0.0007704563903928817,0.6
2000-07-01,LINREG,DPCERA3M086SBEA,0.01980697624181378,0.6
2000-07-01,LINREG,INDPRO,0.0358125856605155,0.6
2000-07-01,LINREG,M2SL,0.020080990898285307,0.6
2000-07-01,LINREG,OILPRICEX,-0.03032745962166972,0.6
2000-07-01,LINREG,RPI,-0.01237690695921466,0.6
2000-07-01,LINREG,SP500,0.06128750128568254,0.6
2000-07-01,LINREG,TB3MS,0.05900110423245291,0.6
2000-07-01,LINREG,UNRATE_lag12,-0.031156292963365202,0.6
2000-07-01,LINREG,USREC,0.031351826027189805,0.6
2000-08-01,LINREG,BUSLOANS,0.019839336853669325,0.8
2000-08-01,LINREG,CPIAUCSL,0.0015345448447148617,0.8
2000-08-01,LINREG,DPCERA3M086SBEA,-0.007426160664185729,0.8
2000-08-01,LINREG,INDPRO,0.08631713267153315,0.8
2000-08-01,LINREG,M2SL,0.0033353725078149247,0.8
2000-08-01,LINREG,OILPRICEX,-0.014964410770348019,0.8
2000-08-01,LINREG,RPI,-0.015327834386789946,0.8
2000-08-01,LINREG,SP500,-0.08288221744268984,0.8
2000-08-01,LINREG,TB3MS,0.05927095170782429,0.8
2000-08-01,LINREG,UNRATE_lag12,-0.05967629820606165,0.8
2000-08-01,LINREG,USREC,0.031165767860671923,0.8
2000-09-01,LINREG,BUSLOANS,0.03875804657666749,1.1
2000-09-01,LINREG,CPIAUCSL,0.00137115752805546,1.1
2000-09-01,LINREG,DPCERA3M086SBEA,-0.12608274757916796,1.1
2000-09-01,LINREG,INDPRO,0.048845317796222865,1.1
2000-09-01,LINREG,M2SL,-0.004594987560348671,1.1
2000-09-01,LINREG,OILPRICEX,-0.00042219195387826596,1.1
2000-09-01,LINREG,RPI,-0.010455114953751858,1.1
2000-09-01,LINREG,SP500,0.07601736917692943,1.1
2000-09-01,LINREG,TB3MS,0.06191731449571374,1.1
2000-09-01,LINREG,UNRATE_lag12,-0.08770074511986653,1.1
2000-09-01,LINREG,USREC,0.031066252275827478,1.1
2000-10-01,LINREG,BUSLOANS,0.04014212317392559,1.4
2000-10-01,LINREG,CPIAUCSL,-0.003836166699695185,1.4
2000-10-01,LINREG,DPCERA3M086SBEA,-0.09873071541391068,1.4
2000-10-01,LINREG,INDPRO,0.06822140537924506,1.4
2000-10-01,LINREG,M2SL,-0.006252222389771729,1.4
2000-10-01,LINREG,OILPRICEX,0.005597258190018403,1.4
2000-10-01,LINREG,RPI,-0.004307790057877054,1.4
2000-10-01,LINREG,SP500,0.3183368710870013,1.4
2000-10-01,LINREG,TB3MS,0.028581146323495517,1.4
2000-10-01,LINREG,UNRATE_lag12,-0.08636106703263978,1.4
2000-10-01,LINREG,USREC,0.031048330210619268,1.4
2000-11-01,LINREG,BUSLOANS,0.021200403271935172,1.6
2000-11-01,LINREG,CPIAUCSL,-4.704490625802385e-05,1.6
2000-11-01,LINREG,DPCERA3M086SBEA,-0.0177565611364234,1.6
2000-11-01,LINREG,INDPRO,0.04008563461846134,1.6
2000-11-01,LINREG,M2SL,0.000116753286457734,1.6
2000-11-01,LINREG,OILPRICEX,-0.002947979509062523,1.6
2000-11-01,LINREG,RPI,0.0087514938581241,1.6
2000-11-01,LINREG,SP500,0.3925038770725844,1.6
2000-11-01,LINREG,TB3MS,0.013720612269938802,1.6
2000-11-01,LINREG,UNRATE_lag12,-0.05701606538391456,1.6
2000-11-01,LINREG,USREC,0.03099717821315844,1.6
2000-12-01,LINREG,BUSLOANS,-0.000782435329353389,1.8
2000-12-01,LINREG,CPIAUCSL,-0.0021742010413611746,1.8
2000-12-01,LINREG,DPCERA3M086SBEA,0.051255091983373406,1.8
2000-12-01,LINREG,INDPRO,0.12084842764935629,1.8
2000-12-01,LINREG,M2SL,0.0011855383294150298,1.8
2000-12-01,LINREG,OILPRICEX,0.040783359011154416,1.8
2000-12-01,LINREG,RPI,0.004904527104017381,1.8
2000-12-01,LINREG,SP500,0.49532361872345804,1.8
2000-12-01,LINREG,TB3MS,-0.05152102171045821,1.8
2000-12-01,LINREG,UNRATE_lag12,-0.08265745519010188,1.8
2000-12-01,LINREG,USREC,0.031021222837153025,1.8
2001-01-01,LINREG,BUSLOANS,-0.006357815118690512,1.5
2001-01-01,LINREG,CPIAUCSL,0.005079823665389091,1.5
2001-01-01,LINREG,DPCERA3M086SBEA,0.03560041242224722,1.5
2001-01-01,LINREG,INDPRO,0.13469411878149468,1.5
2001-01-01,LINREG,M2SL,-0.0012554878435986142,1.5
2001-01-01,LINREG,OILPRICEX,0.04247912839443975,1.5
2001-01-01,LINREG,RPI,-0.0049562507705466765,1.5
2001-01-01,LINREG,SP500,0.26272981051293864,1.5
2001-01-01,LINREG,TB3MS,-0.19973778629197309,1.5
2001-01-01,LINREG,UNRATE_lag12,-0.0540238501353293,1.5
2001-01-01,LINREG,USREC,0.030959748620937762,1.5
2001-02-01,LINREG,BUSLOANS,-0.005778492390542819,1.5
2001-02-01,LINREG,CPIAUCSL,0.00440109560544761,1.5
2001-02-01,LINREG,DPCERA3M086SBEA,0.04369560201555582,1.5
2001-02-01,LINREG,INDPRO,0.21517172706939802,1.5
2001-02-01,LINREG,M2SL,0.007061258410863876,1.5
2001-02-01,LINREG,OILPRICEX,0.05414635950372556,1.5
2001-02-01,LINREG,RPI,-0.008251087255379272,1.5
2001-02-01,LINREG,SP500,0.32610073689200764,1.5
2001-02-01,LINREG,TB3MS,-0.2602126753000387,1.5
2001-02-01,LINREG,UNRATE_lag12,-0.0524514376573288,1.5
2001-02-01,LINREG,USREC,0.030870841156688252,1.5
2001-03-01,LINREG,BUSLOANS,0.006675344681247618,1.4
2001-03-01,LINREG,CPIAUCSL,0.008608978620274385,1.4
2001-03-01,LINREG,DPCERA3M086SBEA,0.14856447484460247,1.4
2001-03-01,LINREG,INDPRO,0.20655435973380018,1.4
2001-03-01,LINREG,M2SL,0.014774242679872164,1.4
2001-03-01,LINREG,OILPRICEX,-0.029618408747473866,1.4
2001-03-01,LINREG,RPI,-0.009269649862323358,1.4
2001-03-01,LINREG,SP500,0.5955135347210987,1.4
2001-03-01,LINREG,TB3MS,-0.2667136030385858,1.4
2001-03-01,LINREG,UNRATE_lag12,-0.026061225661713677,1.4
2001-03-01,LINREG,USREC,0.03072714535142464,1.4
2001-04-01,LINREG,BUSLOANS,0.02714900358282808,1.5
2001-04-01,LINREG,CPIAUCSL,-0.015671628775706742,1.5
2001-04-01,LINREG,DPCERA3M086SBEA,0.16532225023965802,1.5
2001-04-01,LINREG,INDPRO,0.1927206978741764,1.5
2001-04-01,LINREG,M2SL,0.010217324818445058,1.5
2001-04-01,LINREG,OILPRICEX,-0.008787234220336575,1.5
2001-04-01,LINREG,RPI,0.005744672794013849,1.5
2001-04-01,LINREG,SP500,0.5952430755007568,1.5
2001-04-01,LINREG,TB3MS,-0.25242043231554606,1.5
2001-04-01,LINREG,UNRATE_lag12,-0.10254241621078405,1.5
2001-04-01,LINREG,USREC,-0.36496348545607726,1.5
2001-05-01,LINREG,BUSLOANS,0.03445682366155883,1.5
2001-05-01,LINREG,CPIAUCSL,-0.008417116657953827,1.5
2001-05-01,LINREG,DPCERA3M086SBEA,0.09165546961569632,1.5
2001-05-01,LINREG,INDPRO,0.17134143859924328,1.5
2001-05-01,LINREG,M2SL,-0.003033266258681788,1.5
2001-05-01,LINREG,OILPRICEX,-0.025877980477048073,1.5
2001-05-01,LINREG,RPI,0.015287520628148435,1.5
2001-05-01,LINREG,SP500,0.2157732925602964,1.5
2001-05-01,LINREG,TB3MS,-0.24689293221111727,1.5
2001-05-01,LINREG,UNRATE_lag12,-0.02645751376245504,1.5
2001-05-01,LINREG,USREC,-0.36263467240231717,1.5
2001-06-01,LINREG,BUSLOANS,0.04375115450545041,1.3
2001-06-01,LINREG,CPIAUCSL,0.0015688963259847077,1.3
2001-06-01,LINREG,DPCERA3M086SBEA,0.06300908513714235,1.3
2001-06-01,LINREG,INDPRO,0.20631587671309823,1.3
2001-06-01,LINREG,M2SL,-0.005570969596705385,1.3
2001-06-01,LINREG,OILPRICEX,-0.012987918044280709,1.3
2001-06-01,LINREG,RPI,0.02699828255255709,1.3
2001-06-01,LINREG,SP500,-0.08996077634382084,1.3
2001-06-01,LINREG,TB3MS,-0.1818800178375108,1.3
2001-06-01,LINREG,UNRATE_lag12,-0.053342976790948994,1.3
2001-06-01,LINREG,USREC,-0.35984902744508745,1.3
2001-07-01,LINREG,BUSLOANS,0.03421340784423537,1.2
2001-07-01,LINREG,CPIAUCSL,0.003438247754214961,1.2
2001-07-01,LINREG,DPCERA3M086SBEA,0.00923689240595344,1.2
2001-07-01,LINREG,INDPRO,0.23749243996351532,1.2
2001-07-01,LINREG,M2SL,-0.00927621645712467,1.2
2001-07-01,LINREG,OILPRICEX,-0.00945940091046093,1.2
2001-07-01,LINREG,RPI,0.02337278669631938,1.2
2001-07-01,LINREG,SP500,0.044709612762224356,1.2
2001-07-01,LINREG,TB3MS,-0.07037104852895636,1.2
2001-07-01,LINREG,UNRATE_lag12,-0.0537927705249925,1.2
2001-07-01,LINREG,USREC,-0.35683901901703874,1.2
2001-08-01,LINREG,BUSLOANS,0.028678480048323643,0.8
2001-08-01,LINREG,CPIAUCSL,-0.022516513818124254,0.8
2001-08-01,LINREG,DPCERA3M086SBEA,-0.017631038307839422,0.8
2001-08-01,LINREG,INDPRO,0.19669114135318888,0.8
2001-08-01,LINREG,M2SL,-0.0019439955169764896,0.8
2001-08-01,LINREG,OILPRICEX,0.0009391646833434804,0.8
2001-08-01,LINREG,RPI,0.019171205721569638,0.8
2001-08-01,LINREG,SP500,0.4160878193368926,0.8
2001-08-01,LINREG,TB3MS,-0.05041491631122679,0.8
2001-08-01,LINREG,UNRATE_lag12,-0.0001786121583651569,0.8
2001-08-01,LINREG,USREC,-0.3533079049158503,0.8
2001-09-01,LINREG,BUSLOANS,-0.012334453171987262,0.7
2001-09-01,LINREG,CPIAUCSL,-0.026884034315175293,0.7
2001-09-01,LINREG,DPCERA3M086SBEA,0.23986218690969432,0.7
2001-09-01,LINREG,INDPRO,0.1962728044054808,0.7
2001-09-01,LINREG,M2SL,0.0001146867959013163,0.7
2001-09-01,LINREG,OILPRICEX,0.015428820131161489,0.7
2001-09-01,LINREG,RPI,0.015272540845285773,0.7
2001-09-01,LINREG,SP500,0.7982316577934708,0.7
2001-09-01,LINREG,TB3MS,-0.16619500576325075,0.7
2001-09-01,LINREG,UNRATE_lag12,-0.05305642967718842,0.7
2001-09-01,LINREG,USREC,-0.3467873448390804,0.7
2001-10-01,LINREG,BUSLOANS,-0.01014990778813502,0.4
2001-10-01,LINREG,CPIAUCSL,-0.01807890258976928,0.4
2001-10-01,LINREG,DPCERA3M086SBEA,-0.21221410692214837,0.4
2001-10-01,LINREG,INDPRO,0.15496749805193497,0.4
2001-10-01,LINREG,M2SL,-0.00265332183804755,0.4
2001-10-01,LINREG,OILPRICEX,0.027494199448044918,0.4
2001-10-01,LINREG,RPI,0.016211320291962556,0.4
2001-10-01,LINREG,SP500,0.5497960816441758,0.4
2001-10-01,LINREG,TB3MS,-0.265473633155364,0.4
2001-10-01,LINREG,UNRATE_lag12,-0.026358829968949688,0.4
2001-10-01,LINREG,USREC,-0.34158147229931696,0.4
2001-11-01,LINREG,BUSLOANS,-0.009827192202277426,0.4
2001-11-01,LINREG,CPIAUCSL,0.0002602447046109127,0.4
2001-11-01,LINREG,DPCERA3M086SBEA,-0.030567734534444165,0.4
2001-11-01,LINREG,INDPRO,0.2108478121251156,0.4
2001-11-01,LINREG,M2SL,-0.0021661760957518914,0.4
2001-11-01,LINREG,OILPRICEX,0.055299227099373786,0.4
2001-11-01,LINREG,RPI,0.012253607868142538,0.4
2001-11-01,LINREG,SP500,0.26154999811199237,0.4
2001-11-01,LINREG,TB3MS,-0.2948905115326501,0.4
2001-11-01,LINREG,UNRATE_lag12,-0.02619890477383306,0.4
2001-11-01,LINREG,USREC,-0.33766655099987486,0.4
2001-12-01,LINREG,BUSLOANS,0.05049907238783505,0.3
2001-12-01,LINREG,CPIAUCSL,-0.021623499836562043,0.3
2001-12-01,LINREG,DPCERA3M086SBEA,-0.2549436346373902,0.3
2001-12-01,LINREG,INDPRO,0.16016014577388063,0.3
2001-12-01,LINREG,M2SL,0.019552607612709234,0.3
2001-12-01,LINREG,OILPRICEX,0.045024276012373445,0.3
2001-12-01,LINREG,RPI,0.014293457122936191,0.3
2001-12-01,LINREG,SP500,-0.2852435931401775,0.3
2001-12-01,LINREG,TB3MS,-0.1857949963610322,0.3
2001-12-01,LINREG,UNRATE_lag12,0.00011352189022635327,0.3
2001-12-01,LINREG,USREC,0.03290099520845808,0.3
2002-01-01,LINREG,BUSLOANS,0.030381314053521017,0.1
2002-01-01,LINREG,CPIAUCSL,-0.001704835039575235,0.1
2002-01-01,LINREG,DPCERA3M086SBEA,0.20525726892849844,0.1
2002-01-01,LINREG,INDPRO,0.0507972209533263,0.1
2002-01-01,LINREG,M2SL,0.004195078621847759,0.1
2002-01-01,LINREG,OILPRICEX,-0.011850887121936523,0.1
2002-01-01,LINREG,RPI,0.00613393534734843,0.1
2002-01-01,LINREG,SP500,-0.1450011122758075,0.1
2002-01-01,LINREG,TB3MS,-0.09849936047169362,0.1
2002-01-01,LINREG,UNRATE_lag12,0.07784159922235549,0.1
2002-01-01,LINREG,USREC,0.03276041315799587,0.1
2002-02-01,LINREG,BUSLOANS,-0.006545301132308333,0.2
2002-02-01,LINREG,CPIAUCSL,0.008171643004151106,0.2
2002-02-01,LINREG,DPCERA3M086SBEA,0.05916312715827023,0.2
2002-02-01,LINREG,INDPRO,-0.021249702157041674,0.2
2002-02-01,LINREG,M2SL,0.009675743750217281,0.2
2002-02-01,LINREG,OILPRICEX,-0.07779797902841915,0.2
2002-02-01,LINREG,RPI,0.006794343615981071,0.2
2002-02-01,LINREG,SP500,0.1949897170246699,0.2
2002-02-01,LINREG,TB3MS,-0.027290611016697046,0.2
2002-02-01,LINREG,UNRATE_lag12,0.05172821344082277,0.2
2002-02-01,LINREG,USREC,0.03265439241135996,0.2
2002-03-01,LINREG,BUSLOANS,-0.05161196226856718,0.2
2002-03-01,LINREG,CPIAUCSL,0.03722463989270413,0.2
2002-03-01,LINREG,DPCERA3M086SBEA,0.04097310504795368,0.2
2002-03-01,LINREG,INDPRO,-0.11034465025053203,0.2
2002-03-01,LINREG,M2SL,0.005609891182774909,0.2
2002-03-01,LINREG,OILPRICEX,-0.09895389593781044,0.2
2002-03-01,LINREG,RPI,0.011940066904232898,0.2
2002-03-01,LINREG,SP500,0.05718742955745985,0.2
2002-03-01,LINREG,TB3MS,0.021924281571065057,0.2
2002-03-01,LINREG,UNRATE_lag12,0.1031154255598879,0.2
2002-03-01,LINREG,USREC,0.03249522953612281,0.2
2002-04-01,LINREG,BUSLOANS,-0.03948288254946643,0.1
2002-04-01,LINREG,CPIAUCSL,0.03126481308140117,0.1
2002-04-01,LINREG,DPCERA3M086SBEA,-0.031196358575756315,0.1
2002-04-01,LINREG,INDPRO,-0.08981023775259506,0.1
2002-04-01,LINREG,M2SL,0.01898850417969495,0.1
2002-04-01,LINREG,OILPRICEX,-0.07539241282020782,0.1
2002-04-01,LINREG,RPI,0.013618034303787429,0.1
2002-04-01,LINREG,SP500,0.19072638391859037,0.1
2002-04-01,LINREG,TB3MS,0.01399459464254521,0.1
2002-04-01,LINREG,UNRATE_lag12,0.1799527739965925,0.1
2002-04-01,LINREG,USREC,0.032350784384138354,0.1
2002-05-01,LINREG,BUSLOANS,0.01609252567556835,0.3
2002-05-01,LINREG,CPIAUCSL,0.020966619618902668,0.3
2002-05-01,LINREG,DPCERA3M086SBEA,0.12088277880017259,0.3
2002-05-01,LINREG,INDPRO,-0.13494298360752954,0.3
2002-05-01,LINREG,M2SL,0.016951897417650352,0.3
2002-05-01,LINREG,OILPRICEX,-0.03854417198178147,0.3
2002-05-01,LINREG,RPI,0.00797096474053421,0.3
2002-05-01,LINREG,SP500,0.16818675769523722,0.3
2002-05-01,LINREG,TB3MS,0.004163838060236724,0.3
2002-05-01,LINREG,UNRATE_lag12,0.10221872214977043,0.3
2002-05-01,LINREG,USREC,0.032209028242670155,0.3
2002-06-01,LINREG,BUSLOANS,0.03641876584727294,0.5
2002-06-01,LINREG,CPIAUCSL,-3.58544885636626e-05,0.5
2002-06-01,LINREG,DPCERA3M086SBEA,0.051699355043986574,0.5
2002-06-01,LINREG,INDPRO,-0.14634341128671555,0.5
2002-06-01,LINREG,M2SL,0.0026297568481658358,0.5
2002-06-01,LINREG,OILPRICEX,0.03381623652281642,0.5
2002-06-01,LINREG,RPI,0.001077521271771489,0.5
2002-06-01,LINREG,SP500,0.6143135259976169,0.5
2002-06-01,LINREG,TB3MS,-0.015402219111128022,0.5
2002-06-01,LINREG,UNRATE_lag12,0.15334833896609332,0.5
2002-06-01,LINREG,USREC,0.03211611730002144,0.5
2002-07-01,LINREG,BUSLOANS,0.024369992259067542,0.4
2002-07-01,LINREG,CPIAUCSL,-0.019548044816558915,0.4
2002-07-01,LINREG,DPCERA3M086SBEA,0.026703430753768867,0.4
2002-07-01,LINREG,INDPRO,-0.08572494609773328,0.4
2002-07-01,LINREG,M2SL,-0.014877812090485297,0.4
2002-07-01,LINREG,OILPRICEX,0.04571564425342762,0.4
2002-07-01,LINREG,RPI,0.00996988874582499,0.4
2002-07-01,LINREG,SP500,0.8022264181695984,0.4
2002-07-01,LINREG,TB3MS,-0.0036509752324507486,0.4
2002-07-01,LINREG,UNRATE_lag12,0.179850266144679,0.4
2002-07-01,LINREG,USREC,0.032133103913382866,0.4
2002-08-01,LINREG,BUSLOANS,-0.012509489527674448,0.4
2002-08-01,LINREG,CPIAUCSL,-0.01088751733521568,0.4
2002-08-01,LINREG,DPCERA3M086SBEA,-0.07729820356676963,0.4
2002-08-01,LINREG,INDPRO,-0.025810918203493714,0.4
2002-08-01,LINREG,M2SL,-0.020759816720988804,0.4
2002-08-01,LINREG,OILPRICEX,0.0367765168679381,0.4
2002-08-01,LINREG,RPI,0.01533416268536789,0.4
2002-08-01,LINREG,SP500,0.7567118880801293,0.4
2002-08-01,LINREG,TB3MS,-0.019315398301929344,0.4
2002-08-01,LINREG,UNRATE_lag12,0.23144270818062498,0.4
2002-08-01,LINREG,USREC,0.032100462145267204,0.4
2002-09-01,LINREG,BUSLOANS,-0.01897411226008717,0.4
2002-09-01,LINREG,CPIAUCSL,0.002185177426631582,0.4
2002-09-01,LINREG,DPCERA3M086SBEA,0.07852897297268978,0.4
2002-09-01,LINREG,INDPRO,0.05999082302161429,0.4
2002-09-01,LINREG,M2SL,-0.01743631785211981,0.4
2002-09-01,LINREG,OILPRICEX,-0.01918114896484386,0.4
2002-09-01,LINREG,RPI,0.01813986328695789,0.4
2002-09-01,LINREG,SP500,0.7037451449717348,0.4
2002-09-01,LINREG,TB3MS,-0.011452126054587296,0.4
2002-09-01,LINREG,UNRATE_lag12,0.3096446035805417,0.4
2002-09-01,LINREG,USREC,0.032188460268793684,0.4
2002-10-01,LINREG,BUSLOANS,-0.019000220911546052,0.3
2002-10-01,LINREG,CPIAUCSL,0.01093864511553577,0.3
2002-10-01,LINREG,DPCERA3M086SBEA,0.12775478912829363,0.3
2002-10-01,LINREG,INDPRO,0.08044827298760009,0.3
2002-10-01,LINREG,M2SL,-0.004726946314588461,0.3
2002-10-01,LINREG,OILPRICEX,-0.008120565170616677,0.3
2002-10-01,LINREG,RPI,0.008981554514805892,0.3
2002-10-01,LINREG,SP500,0.30314062495523847,0.3
2002-10-01,LINREG,TB3MS,-0.0172961201767966,0.3
2002-10-01,LINREG,UNRATE_lag12,0.3858564059570195,0.3
2002-10-01,LINREG,USREC,0.03212020416810407,0.3
2002-11-01,LINREG,BUSLOANS,-0.011901984844774213,-0.1
2002-11-01,LINREG,CPIAUCSL,2.6303422590860504e-05,-0.1
2002-11-01,LINREG,DPCERA3M086SBEA,0.10025295814567187,-0.1
2002-11-01,LINREG,INDPRO,0.002180401630479978,-0.1
2002-11-01,LINREG,M2SL,-0.00231506787652164,-0.1
2002-11-01,LINREG,OILPRICEX,0.021391422516748058,-0.1
2002-11-01,LINREG,RPI,0.004680735632708286,-0.1
2002-11-01,LINREG,SP500,0.09147218186802875,-0.1
2002-11-01,LINREG,TB3MS,-0.07405228493099501,-0.1
2002-11-01,LINREG,UNRATE_lag12,0.43566751050795105,-0.1
2002-11-01,LINREG,USREC,0.03209376316931887,-0.1
2002-12-01,LINREG,BUSLOANS,-0.016020863020133003,-0.3
2002-12-01,LINREG,CPIAUCSL,-0.004380512702065315,-0.3
2002-12-01,LINREG,DPCERA3M086SBEA,-0.11758141909554973,-0.3
2002-12-01,LINREG,INDPRO,0.07738273106544492,-0.3
2002-12-01,LINREG,M2SL,-0.0018240894029337039,-0.3
2002-12-01,LINREG,OILPRICEX,0.02727576231423376,-0.3
2002-12-01,LINREG,RPI,0.0014918478048565839,-0.3
2002-12-01,LINREG,SP500,-0.06207519833694254,-0.3
2002-12-01,LINREG,TB3MS,-0.08365391568979497,-0.3
2002-12-01,LINREG,UNRATE_lag12,0.48395939824039647,-0.3
2002-12-01,LINREG,USREC,0.03194689081646881,-0.3
2003-01-01,LINREG,BUSLOANS,0.0004870813479402311,-0.1
2003-01-01,LINREG,CPIAUCSL,0.004373896494794387,-0.1
2003-01-01,LINREG,DPCERA3M086SBEA,-0.035350784363675836,-0.1
2003-01-01,LINREG,INDPRO,-0.04664795062585447,-0.1
2003-01-01,LINREG,M2SL,0.0023935080845236037,-0.1
2003-01-01,LINREG,OILPRICEX,-0.011846040740957589,-0.1
2003-01-01,LINREG,RPI,0.011138939340650274,-0.1
2003-01-01,LINREG,SP500,-0.10805906181973446,-0.1
2003-01-01,LINREG,TB3MS,-0.07746579083031534,-0.1
2003-01-01,LINREG,UNRATE_lag12,0.4037800581120196,-0.1
2003-01-01,LINREG,USREC,0.031593988865942085,-0.1
2003-02-01,LINREG,BUSLOANS,0.015654663850006367,-0.3
2003-02-01,LINREG,CPIAUCSL,0.023542636453266083,-0.3
2003-02-01,LINREG,DPCERA3M086SBEA,0.08316220863439211,-0.3
2003-02-01,LINREG,INDPRO,0.004948314327287608,-0.3
2003-02-01,LINREG,M2SL,0.008998437237243211,-0.3
2003-02-01,LINREG,OILPRICEX,-0.07231425320826988,-0.3
2003-02-01,LINREG,RPI,0.019975715928711744,-0.3
2003-02-01,LINREG,SP500,0.4109050914471374,-0.3
2003-02-01,LINREG,TB3MS,-0.008907805609749849,-0.3
2003-02-01,LINREG,UNRATE_lag12,0.40567034016160025,-0.3
2003-02-01,LINREG,USREC,0.03208978851843579,-0.3
2003-03-01,LINREG,BUSLOANS,0.021477118824104205,-0.1
2003-03-01,LINREG,CPIAUCSL,0.02282870318958741,-0.1
2003-03-01,LINREG,DPCERA3M086SBEA,0.09839110268554423,-0.1
2003-03-01,LINREG,INDPRO,-0.029458960700829758,-0.1
2003-03-01,LINREG,M2SL,0.00834600672340666,-0.1
2003-03-01,LINREG,OILPRICEX,-0.026318655203035637,-0.1
2003-03-01,LINREG,RPI,0.019001798203244158,-0.1
2003-03-01,LINREG,SP500,0.3170676592790848,-0.1
2003-03-01,LINREG,TB3MS,-0.0088845222428591,-0.1
2003-03-01,LINREG,UNRATE_lag12,0.38005433750786916,-0.1
2003-03-01,LINREG,USREC,0.032319483000470904,-0.1
2003-04-01,LINREG,BUSLOANS,0.0037702451737132913,-0.4
2003-04-01,LINREG,CPIAUCSL,-0.017015182016296558,-0.4
2003-04-01,LINREG,DPCERA3M086SBEA,0.0037247208124181236,-0.4
2003-04-01,LINREG,INDPRO,0.13784526423669657,-0.4
2003-04-01,LINREG,M2SL,0.0034663403785860597,-0.4
2003-04-01,LINREG,OILPRICEX,0.05006844000899726,-0.4
2003-04-01,LINREG,RPI,0.007030405956735466,-0.4
2003-04-01,LINREG,SP500,0.10360465997732031,-0.4
2003-04-01,LINREG,TB3MS,-0.004931969544424812,-0.4
2003-04-01,LINREG,UNRATE_lag12,0.4072548372883261,-0.4
2003-04-01,LINREG,USREC,0.03270676346317581,-0.4
2003-05-01,LINREG,BUSLOANS,-0.0028654387058921317,-0.5
2003-05-01,LINREG,CPIAUCSL,-0.05830835302884894,-0.5
2003-05-01,LINREG,DPCERA3M086SBEA,-0.12199599219462708,-0.5
2003-05-01,LINREG,INDPRO,0.15471956006106852,-0.5
2003-05-01,LINREG,M2SL,-0.006817814485886294,-0.5
2003-05-01,LINREG,OILPRICEX,0.0982015596942169,-0.5
2003-05-01,LINREG,RPI,-0.009079333328170416,-0.5
2003-05-01,LINREG,SP500,-0.3634016980800517,-0.5
2003-05-01,LINREG,TB3MS,-0.016642311324928688,-0.5
2003-05-01,LINREG,UNRATE_lag12,0.4053430691005339,-0.5
2003-05-01,LINREG,USREC,0.03262590221533256,-0.5
2003-06-01,LINREG,BUSLOANS,0.0021286493488686968,-0.7
2003-06-01,LINREG,CPIAUCSL,-0.05807332696369118,-0.7
2003-06-01,LINREG,DPCERA3M086SBEA,-0.11435238795746491,-0.7
2003-06-01,LINREG,INDPRO,0.10939349794393084,-0.7
2003-06-01,LINREG,M2SL,-0.011387733345547157,-0.7
2003-06-01,LINREG,OILPRICEX,0.03832482478994668,-0.7
2003-06-01,LINREG,RPI,-0.011390460753066435,-0.7
2003-06-01,LINREG,SP500,-0.5303656967457617,-0.7
2003-06-01,LINREG,TB3MS,-0.03815364681817453,-0.7
2003-06-01,LINREG,UNRATE_lag12,0.35214221082660047,-0.7
2003-06-01,LINREG,USREC,0.032494170334571554,-0.7
2003-07-01,LINREG,BUSLOANS,-0.0008565463879146033,-0.7
2003-07-01,LINREG,CPIAUCSL,-0.001731470267689086,-0.7
2003-07-01,LINREG,DPCERA3M086SBEA,-0.11011318626008137,-0.7
2003-07-01,LINREG,INDPRO,-0.019766804954456863,-0.7
2003-07-01,LINREG,M2SL,-0.012425047524324865,-0.7
2003-07-01,LINREG,OILPRICEX,-0.04293300741686633,-0.7
2003-07-01,LINREG,RPI,-0.006675006196952989,-0.7
2003-07-01,LINREG,SP500,-0.3499542027887897,-0.7
2003-07-01,LINREG,TB3MS,-0.04199815771879539,-0.7
2003-07-01,LINREG,UNRATE_lag12,0.32524882814299155,-0.7
2003-07-01,LINREG,USREC,0.03238423083947252,-0.7
2003-08-01,LINREG,BUSLOANS,-0.004815850213312631,-0.7
2003-08-01,LINREG,CPIAUCSL,0.0443488110202024,-0.7
2003-08-01,LINREG,DPCERA3M086SBEA,-0.22013662949053095,-0.7
2003-08-01,LINREG,INDPRO,0.002449177653452195,-0.7
2003-08-01,LINREG,M2SL,-0.005754036713967901,-0.7
2003-08-01,LINREG,OILPRICEX,-0.06445157295850665,-0.7
2003-08-01,LINREG,RPI,0.001471558771401339,-0.7
2003-08-01,LINREG,SP500,-0.13923928345296846,-0.7
2003-08-01,LINREG,TB3MS,-0.02037886574696537,-0.7
2003-08-01,LINREG,UNRATE_lag12,0.22174638751833298,-0.7
2003-08-01,LINREG,USREC,0.03239238104193199,-0.7
2003-09-01,LINREG,BUSLOANS,-0.004899584154757573,-0.7
2003-09-01,LINREG,CPIAUCSL,0.038184987877750494,-0.7
2003-09-01,LINREG,DPCERA3M086SBEA,-0.05817553177112793,-0.7
2003-09-01,LINREG,INDPRO,-0.05703507501679831,-0.7
2003-09-01,LINREG,M2SL,0.013905412013989406,-0.7
2003-09-01,LINREG,OILPRICEX,-0.0016093038054744858,-0.7
2003-09-01,LINREG,RPI,0.0036838658297644183,-0.7
2003-09-01,LINREG,SP500,-0.04315390242243447,-0.7
2003-09-01,LINREG,TB3MS,0.0071090722901709326,-0.7
2003-09-01,LINREG,UNRATE_lag12,0.19602311851939697,-0.7
2003-09-01,LINREG,USREC,0.032542383199451554,-0.7
2003-10-01,LINREG,BUSLOANS,0.03710192494877177,-0.5
2003-10-01,LINREG,CPIAUCSL,0.011113408897747703,-0.5
2003-10-01,LINREG,DPCERA3M086SBEA,-0.0012988362063044534,-0.5
2003-10-01,LINREG,INDPRO,-0.0119745710257327,-0.5
2003-10-01,LINREG,M2SL,0.020874397615452435,-0.5
2003-10-01,LINREG,OILPRICEX,0.016173629456644002,-0.5
2003-10-01,LINREG,RPI,-0.00010380533631649105,-0.5
2003-10-01,LINREG,SP500,-0.09912135980428588,-0.5
2003-10-01,LINREG,TB3MS,0.007107360121012486,-0.5
2003-10-01,LINREG,UNRATE_lag12,0.11856563405614068,-0.5
2003-10-01,LINREG,USREC,0.03260261608020918,-0.5
2003-11-01,LINREG,BUSLOANS,0.024371941051244198,-0.4
2003-11-01,LINREG,CPIAUCSL,-0.01789660272735327,-0.4
2003-11-01,LINREG,DPCERA3M086SBEA,0.05934309517641142,-0.4
2003-11-01,LINREG,INDPRO,-0.11408557727756861,-0.4
2003-11-01,LINREG,M2SL,0.019020949555145657,-0.4
2003-11-01,LINREG,OILPRICEX,0.021570414759214573,-0.4
2003-11-01,LINREG,RPI,-0.0054039249874190285,-0.4
2003-11-01,LINREG,SP500,-0.15332772978948905,-0.4
2003-11-01,LINREG,TB3MS,-0.0007573200748239904,-0.4
2003-11-01,LINREG,UNRATE_lag12,0.1183831186646146,-0.4
2003-11-01,LINREG,USREC,0.032543981554563325,-0.4
2003-12-01,LINREG,BUSLOANS,-0.0008955302359432057,-0.3
2003-12-01,LINREG,CPIAUCSL,-0.025256929920104875,-0.3
2003-12-01,LINREG,DPCERA3M086SBEA,-0.023882430928594885,-0.3
2003-12-01,LINREG,INDPRO,-0.043348688806558414,-0.3
2003-12-01,LINREG,M2SL,0.014911979367451127,-0.3
2003-12-01,LINREG,OILPRICEX,-0.03575410952717656,-0.3
2003-12-01,LINREG,RPI,-0.003980896597186661,-0.3
2003-12-01,LINREG,SP500,-0.14933567112550555,-0.3
2003-12-01,LINREG,TB3MS,-0.004678787708371589,-0.3
2003-12-01,LINREG,UNRATE_lag12,0.09230452091337994,-0.3
2003-12-01,LINREG,USREC,0.03245436287946438,-0.3
2004-01-01,LINREG,BUSLOANS,-0.039182843811630744,-0.4
2004-01-01,LINREG,CPIAUCSL,0.0031590343976255204,-0.4
2004-01-01,LINREG,DPCERA3M086SBEA,-0.0558153153593577,-0.4
2004-01-01,LINREG,INDPRO,-0.046676017548692016,-0.4
2004-01-01,LINREG,M2SL,0.0014399662917006675,-0.4
2004-01-01,LINREG,OILPRICEX,-0.023171871426523067,-0.4
2004-01-01,LINREG,RPI,0.003294981863709524,-0.4
2004-01-01,LINREG,SP500,-0.2601565125444202,-0.4
2004-01-01,LINREG,TB3MS,-0.004658897193330293,-0.4
2004-01-01,LINREG,UNRATE_lag12,0.040453941721848075,-0.4
2004-01-01,LINREG,USREC,0.03236889405297926,-0.4
2004-02-01,LINREG,BUSLOANS,-0.03274474957297356,-0.2
2004-02-01,LINREG,CPIAUCSL,0.01961297030245962,-0.2
2004-02-01,LINREG,DPCERA3M086SBEA,0.01700970033859196,-0.2
2004-02-01,LINREG,INDPRO,-0.03891392900063053,-0.2
2004-02-01,LINREG,M2SL,-0.01269825362486286,-0.2
2004-02-01,LINREG,OILPRICEX,-0.021521066584192245,-0.2
2004-02-01,LINREG,RPI,0.009488803531967063,-0.2
2004-02-01,LINREG,SP500,-0.2544985306394774,-0.2
2004-02-01,LINREG,TB3MS,0.003220681518053641,-0.2
2004-02-01,LINREG,UNRATE_lag12,0.06615349151762161,-0.2
2004-02-01,LINREG,USREC,0.03225290899747759,-0.2
2004-03-01,LINREG,BUSLOANS,-0.0028105492473818536,-0.6
2004-03-01,LINREG,CPIAUCSL,0.017637342862192956,-0.6
2004-03-01,LINREG,DPCERA3M086SBEA,-0.0694905322780738,-0.6
2004-03-01,LINREG,INDPRO,0.01073532614367776,-0.6
2004-03-01,LINREG,M2SL,-0.018381633612836443,-0.6
2004-03-01,LINREG,OILPRICEX,-0.0014841220287022095,-0.6
2004-03-01,LINREG,RPI,0.004571984005648336,-0.6
2004-03-01,LINREG,SP500,-0.07276343847910448,-0.6
2004-03-01,LINREG,TB3MS,0.011066934529890469,-0.6
2004-03-01,LINREG,UNRATE_lag12,0.0662299435406426,-0.6
2004-03-01,LINREG,USREC,0.03225557802218558,-0.6
2004-04-01,LINREG,BUSLOANS,0.0015341437882477407,-0.4
2004-04-01,LINREG,CPIAUCSL,-0.004417035185587917,-0.4
2004-04-01,LINREG,DPCERA3M086SBEA,0.010717167874137377,-0.4
2004-04-01,LINREG,INDPRO,-0.014493423313726201,-0.4
2004-04-01,LINREG,M2SL,-0.025792554243927075,-0.4
2004-04-01,LINREG,OILPRICEX,0.008161528065388978,-0.4
2004-04-01,LINREG,RPI,-0.0016400258451391653,-0.4
2004-04-01,LINREG,SP500,0.07958881514108057,-0.4
2004-04-01,LINREG,TB3MS,0.014947734670628498,-0.4
2004-04-01,LINREG,UNRATE_lag12,0.04035858760635587,-0.4
2004-04-01,LINREG,USREC,0.03220644560518843,-0.4
2004-05-01,LINREG,BUSLOANS,0.0068455653179366645,-0.5
2004-05-01,LINREG,CPIAUCSL,-0.0029988944195782517,-0.5
2004-05-01,LINREG,DPCERA3M086SBEA,-0.052826842883599436,-0.5
2004-05-01,LINREG,INDPRO,-0.02807607848008915,-0.5
2004-05-01,LINREG,M2SL,-0.03211721496812064,-0.5
2004-05-01,LINREG,OILPRICEX,-0.0064630938922380496,-0.5
2004-05-01,LINREG,RPI,-0.006530120849126726,-0.5
2004-05-01,LINREG,SP500,0.22377700905924153,-0.5
2004-05-01,LINREG,TB3MS,0.020741304867819017,-0.5
2004-05-01,LINREG,UNRATE_lag12,0.09251660251758972,-0.5
2004-05-01,LINREG,USREC,0.032216184524252366,-0.5
2004-06-01,LINREG,BUSLOANS,-0.023901236261227914,-0.6
2004-06-01,LINREG,CPIAUCSL,0.0026161077342483053,-0.6
2004-06-01,LINREG,DPCERA3M086SBEA,0.15790929695602635,-0.6
2004-06-01,LINREG,INDPRO,0.01575709695634709,-0.6
2004-06-01,LINREG,M2SL,-0.011344483127141276,-0.6
2004-06-01,LINREG,OILPRICEX,0.015212577263267567,-0.6
2004-06-01,LINREG,RPI,-0.00373534394996433,-0.6
2004-06-01,LINREG,SP500,0.05105543567523374,-0.6
2004-06-01,LINREG,TB3MS,0.06741572565762446,-0.6
2004-06-01,LINREG,UNRATE_lag12,0.14539653353637105,-0.6
2004-06-01,LINREG,USREC,0.032387592091832916,-0.6
2004-07-01,LINREG,BUSLOANS,-0.048069432566009526,-0.5
2004-07-01,LINREG,CPIAUCSL,0.007974423847920766,-0.5
2004-07-01,LINREG,DPCERA3M086SBEA,-0.027612883227510904,-0.5
2004-07-01,LINREG,INDPRO,-0.026627071636618902,-0.5
2004-07-01,LINREG,M2SL,0.008217296105537347,-0.5
2004-07-01,LINREG,OILPRICEX,-0.00605141719664746,-0.5
2004-07-01,LINREG,RPI,-0.004396411337988157,-0.5
2004-07-01,LINREG,SP500,0.17751030512171181,-0.5
2004-07-01,LINREG,TB3MS,0.07908194687068579,-0.5
2004-07-01,LINREG,UNRATE_lag12,0.11938904048287675,-0.5
2004-07-01,LINREG,USREC,0.032389290148138884,-0.5
2004-08-01,LINREG,BUSLOANS,-0.06952499600989791,-0.5
2004-08-01,LINREG,CPIAUCSL,-0.0075508561190421345,-0.5
2004-08-01,LINREG,DPCERA3M086SBEA,0.0026077020092955946,-0.5
2004-08-01,LINREG,INDPRO,0.04619985555931557,-0.5
2004-08-01,LINREG,M2SL,0.026447053774833012,-0.5
2004-08-01,LINREG,OILPRICEX,0.005626720988398132,-0.5
2004-08-01,LINREG,RPI,-0.0026974711941113935,-0.5
2004-08-01,LINREG,SP500,0.1301454266054528,-0.5
2004-08-01,LINREG,TB3MS,0.09274546599321241,-0.5
2004-08-01,LINREG,UNRATE_lag12,0.11994928776663798,-0.5
2004-08-01,LINREG,USREC,0.032373987943455605,-0.5
2004-09-01,LINREG,BUSLOANS,-0.039602150989665366,-0.4
2004-09-01,LINREG,CPIAUCSL,-0.01398604305141655,-0.4
2004-09-01,LINREG,DPCERA3M086SBEA,-0.2223928156239914,-0.4
2004-09-01,LINREG,INDPRO,-0.054750426976634195,-0.4
2004-09-01,LINREG,M2SL,0.010514561521112716,-0.4
2004-09-01,LINREG,OILPRICEX,-0.025609951583696302,-0.4
2004-09-01,LINREG,RPI,-0.0030025594347610996,-0.4
2004-09-01,LINREG,SP500,0.13288171995778414,-0.4
2004-09-01,LINREG,TB3MS,0.07692725121381647,-0.4
2004-09-01,LINREG,UNRATE_lag12,0.11981122868932245,-0.4
2004-09-01,LINREG,USREC,0.03229587490116527,-0.4
2004-10-01,LINREG,BUSLOANS,0.005612869293048866,-0.5
2004-10-01,LINREG,CPIAUCSL,-0.0001252488886303569,-0.5
2004-10-01,LINREG,DPCERA3M086SBEA,-0.09794807894620115,-0.5
2004-10-01,LINREG,INDPRO,-0.06630370180722794,-0.5
2004-10-01,LINREG,M2SL,0.0009599414431371303,-0.5
2004-10-01,LINREG,OILPRICEX,-0.02727550474633108,-0.5
2004-10-01,LINREG,RPI,0.0014702698189633765,-0.5
2004-10-01,LINREG,SP500,0.040349751477055815,-0.5
2004-10-01,LINREG,TB3MS,0.08632280956828149,-0.5
2004-10-01,LINREG,UNRATE_lag12,0.09321299851942083,-0.5
2004-10-01,LINREG,USREC,0.03226532090170912,-0.5
2004-11-01,LINREG,BUSLOANS,0.012453122772795226,-0.4
2004-11-01,LINREG,CPIAUCSL,0.022592999297414606,-0.4
2004-11-01,LINREG,DPCERA3M086SBEA,-0.060895343875312924,-0.4
2004-11-01,LINREG,INDPRO,-0.08638946705430027,-0.4
2004-11-01,LINREG,M2SL,-0.010725597192468208,-0.4
2004-11-01,LINREG,OILPRICEX,0.0051030684340922046,-0.4
2004-11-01,LINREG,RPI,0.010128911331583166,-0.4
2004-11-01,LINREG,SP500,-0.19664732199250798,-0.4
2004-11-01,LINREG,TB3MS,0.11711670569599739,-0.4
2004-11-01,LINREG,UNRATE_lag12,-0.013112137109697771,-0.4
2004-11-01,LINREG,USREC,0.032195322824334585,-0.4
2004-12-01,LINREG,BUSLOANS,-0.0028109241211052125,-0.5
2004-12-01,LINREG,CPIAUCSL,0.014327293142995341,-0.5
2004-12-01,LINREG,DPCERA3M086SBEA,-0.06249790964578744,-0.5
2004-12-01,LINREG,INDPRO,-0.15989490153640193,-0.5
2004-12-01,LINREG,M2SL,0.0005596945483602124,-0.5
2004-12-01,LINREG,OILPRICEX,0.03912235825389182,-0.5
2004-12-01,LINREG,RPI,-0.03764059952195837,-0.5
2004-12-01,LINREG,SP500,-0.19466630283884273,-0.5
2004-12-01,LINREG,TB3MS,0.10718127518725618,-0.5
2004-12-01,LINREG,UNRATE_lag12,-0.06608361697674757,-0.5
2004-12-01,LINREG,USREC,0.0321045632909483,-0.5
2005-01-01,LINREG,BUSLOANS,-0.04324097572844331,-0.6
2005-01-01,LINREG,CPIAUCSL,-0.013808390002196318,-0.6
2005-01-01,LINREG,DPCERA3M086SBEA,0.023883807891619348,-0.6
2005-01-01,LINREG,INDPRO,-0.1058682430907426,-0.6
2005-01-01,LINREG,M2SL,0.00823124641164494,-0.6
2005-01-01,LINREG,OILPRICEX,0.05829028943323307,-0.6
2005-01-01,LINREG,RPI,0.005175366652531888,-0.6
2005-01-01,LINREG,SP500,-0.13770501284559744,-0.6
2005-01-01,LINREG,TB3MS,0.1126033594899241,-0.6
2005-01-01,LINREG,UNRATE_lag12,-0.012937805225910063,-0.6
2005-01-01,LINREG,USREC,0.0319535417420501,-0.6
2005-02-01,LINREG,BUSLOANS,-0.03970538214961019,-0.6
2005-02-01,LINREG,CPIAUCSL,-0.03160007350624219,-0.6
2005-02-01,LINREG,DPCERA3M086SBEA,-0.02705005224543237,-0.6
2005-02-01,LINREG,INDPRO,-0.15960696638296484,-0.6
2005-02-01,LINREG,M2SL,0.010764454373939622,-0.6
2005-02-01,LINREG,OILPRICEX,0.012303192391152244,-0.6
2005-02-01,LINREG,RPI,0.0006093222552788295,-0.6
2005-02-01,LINREG,SP500,-0.01999952364072888,-0.6
2005-02-01,LINREG,TB3MS,0.09292465822638074,-0.6
2005-02-01,LINREG,UNRATE_lag12,-0.06606598091464277,-0.6
2005-02-01,LINREG,USREC,0.03172618677894925,-0.6
2005-03-01,LINREG,BUSLOANS,-0.04288513001894131,-0.5
2005-03-01,LINREG,CPIAUCSL,-0.010040350279660578,-0.5
2005-03-01,LINREG,DPCERA3M086SBEA,0.06857398240758333,-0.5
2005-03-01,LINREG,INDPRO,-0.055637645736391475,-0.5
2005-03-01,LINREG,M2SL,0.008154575960762347,-0.5
2005-03-01,LINREG,OILPRICEX,-0.046597425945022,-0.5
2005-03-01,LINREG,RPI,0.015046186367762287,-0.5
2005-03-01,LINREG,SP500,0.09575346683248426,-0.5
2005-03-01,LINREG,TB3MS,0.10794246116953136,-0.5
2005-03-01,LINREG,UNRATE_lag12,-0.012836966114306915,-0.5
2005-03-01,LINREG,USREC,0.031561544804143894,-0.5
2005-04-01,LINREG,BUSLOANS,-0.00911193774678337,-0.5
2005-04-01,LINREG,CPIAUCSL,0.024539913066348968,-0.5
2005-04-01,LINREG,DPCERA3M086SBEA,-0.09807602541617268,-0.5
2005-04-01,LINREG,INDPRO,-0.039106684554521376,-0.5
2005-04-01,LINREG,M2SL,0.0031794480327745392,-0.5
2005-04-01,LINREG,OILPRICEX,-0.04241068021545848,-0.5
2005-04-01,LINREG,RPI,-0.0005212589564537297,-0.5
2005-04-01,LINREG,SP500,0.1379423899724646,-0.5
2005-04-01,LINREG,TB3MS,0.08829442052274374,-0.5
2005-04-01,LINREG,UNRATE_lag12,-0.09318150840669899,-0.5
2005-04-01,LINREG,USREC,0.031404704911071384,-0.5
2005-05-01,LINREG,BUSLOANS,-0.003578683681025633,-0.5
2005-05-01,LINREG,CPIAUCSL,0.009113755051964196,-0.5
2005-05-01,LINREG,DPCERA3M086SBEA,0.01468750206290748,-0.5
2005-05-01,LINREG,INDPRO,0.031307340350193266,-0.5
2005-05-01,LINREG,M2SL,-0.0013531497126774853,-0.5
2005-05-01,LINREG,OILPRICEX,-0.008617026134050286,-0.5
2005-05-01,LINREG,RPI,-0.0038198541698839733,-0.5
2005-05-01,LINREG,SP500,0.15075783290065245,-0.5
2005-05-01,LINREG,TB3MS,0.05907831699657256,-0.5
2005-05-01,LINREG,UNRATE_lag12,-0.12042504360714068,-0.5
2005-05-01,LINREG,USREC,0.031217059831084443,-0.5
2005-06-01,LINREG,BUSLOANS,0.02720276400243084,-0.4
2005-06-01,LINREG,CPIAUCSL,-0.01477812896603409,-0.4
2005-06-01,LINREG,DPCERA3M086SBEA,-0.12504208515611814,-0.4
2005-06-01,LINREG,INDPRO,-0.03323999649988061,-0.4
2005-06-01,LINREG,M2SL,-0.007225509378553034,-0.4
2005-06-01,LINREG,OILPRICEX,0.030792456770035524,-0.4
2005-06-01,LINREG,RPI,-0.003009624220052723,-0.4
2005-06-01,LINREG,SP500,0.05647875010750581,-0.4
2005-06-01,LINREG,TB3MS,0.04535725637580795,-0.4
2005-06-01,LINREG,UNRATE_lag12,-0.17424010309102708,-0.4
2005-06-01,LINREG,USREC,0.031023160238065464,-0.4
2005-07-01,LINREG,BUSLOANS,0.018509356724832383,-0.3
2005-07-01,LINREG,CPIAUCSL,-0.016957564321118914,-0.3
2005-07-01,LINREG,DPCERA3M086SBEA,-0.1385443874483023,-0.3
2005-07-01,LINREG,INDPRO,0.025507885561636037,-0.3
2005-07-01,LINREG,M2SL,-0.009474107969568716,-0.3
2005-07-01,LINREG,OILPRICEX,0.003226103310096952,-0.3
2005-07-01,LINREG,RPI,-0.0014291261919782893,-0.3
2005-07-01,LINREG,SP500,-0.10823594525393312,-0.3
2005-07-01,LINREG,TB3MS,0.08543059174836978,-0.3
2005-07-01,LINREG,UNRATE_lag12,-0.17394661631352865,-0.3
2005-07-01,LINREG,USREC,0.03091019465583144,-0.3
2005-08-01,LINREG,BUSLOANS,0.025470420377320772,-0.2
2005-08-01,LINREG,CPIAUCSL,0.023518212114820036,-0.2
2005-08-01,LINREG,DPCERA3M086SBEA,-0.0781972969532738,-0.2
2005-08-01,LINREG,INDPRO,-0.0005361482734500083,-0.2
2005-08-01,LINREG,M2SL,-0.01120185991313136,-0.2
2005-08-01,LINREG,OILPRICEX,-0.038108360947722644,-0.2
2005-08-01,LINREG,RPI,0.0006083479768669727,-0.2
2005-08-01,LINREG,SP500,-0.06851318409287624,-0.2
2005-08-01,LINREG,TB3MS,0.11567098217953468,-0.2
2005-08-01,LINREG,UNRATE_lag12,-0.17363458779834123,-0.2
2005-08-01,LINREG,USREC,0.030817520575659566,-0.2
2005-09-01,LINREG,BUSLOANS,0.009835589438906691,-0.5
2005-09-01,LINREG,CPIAUCSL,0.02719739918768124,-0.5
2005-09-01,LINREG,DPCERA3M086SBEA,0.16942048986113104,-0.5
2005-09-01,LINREG,INDPRO,0.2520505917902597,-0.5
2005-09-01,LINREG,M2SL,-0.008370650591130242,-0.5
2005-09-01,LINREG,OILPRICEX,-0.019104158209390407,-0.5
2005-09-01,LINREG,RPI,0.004845805307550853,-0.5
2005-09-01,LINREG,SP500,0.0047700366179559,-0.5
2005-09-01,LINREG,TB3MS,0.08603800372891503,-0.5
2005-09-01,LINREG,UNRATE_lag12,-0.17611027960026637,-0.5
2005-09-01,LINREG,USREC,0.030886920799842635,-0.5
2005-10-01,LINREG,BUSLOANS,0.014154304056090732,-0.6
2005-10-01,LINREG,CPIAUCSL,0.0021382963017283034,-0.6
2005-10-01,LINREG,DPCERA3M086SBEA,0.24950078698673492,-0.6
2005-10-01,LINREG,INDPRO,0.08894727946137149,-0.6
2005-10-01,LINREG,M2SL,-0.005222908484399116,-0.6
2005-10-01,LINREG,OILPRICEX,0.005284295123700815,-0.6
2005-10-01,LINREG,RPI,0.0019804729817046855,-0.6
2005-10-01,LINREG,SP500,0.1785435703967157,-0.6
2005-10-01,LINREG,TB3MS,0.09310709554475775,-0.6
2005-10-01,LINREG,UNRATE_lag12,-0.12260114610235603,-0.6
2005-10-01,LINREG,USREC,0.0309769566672408,-0.6
2005-11-01,LINREG,BUSLOANS,0.001136088611860087,-0.5
2005-11-01,LINREG,CPIAUCSL,-0.00045360618761716443,-0.5
2005-11-01,LINREG,DPCERA3M086SBEA,0.10771243590003109,-0.5
2005-11-01,LINREG,INDPRO,0.007727518663745421,-0.5
2005-11-01,LINREG,M2SL,0.003927785047200904,-0.5
2005-11-01,LINREG,OILPRICEX,0.045494464120952274,-0.5
2005-11-01,LINREG,RPI,-0.0022116459584089823,-0.5
2005-11-01,LINREG,SP500,0.038923279328549255,-0.5
2005-11-01,LINREG,TB3MS,0.0831334686069911,-0.5
2005-11-01,LINREG,UNRATE_lag12,-0.09507240311931825,-0.5
2005-11-01,LINREG,USREC,0.03082385668695647,-0.5
2005-12-01,LINREG,BUSLOANS,-0.01626999804329167,-0.5
2005-12-01,LINREG,CPIAUCSL,-0.007920814787056822,-0.5
2005-12-01,LINREG,DPCERA3M086SBEA,-0.039495609074972224,-0.5
2005-12-01,LINREG,INDPRO,-0.24567341315004096,-0.5
2005-12-01,LINREG,M2SL,0.005971336461491808,-0.5
2005-12-01,LINREG,OILPRICEX,0.030289263754449316,-0.5
2005-12-01,LINREG,RPI,-0.008142239340776788,-0.5
2005-12-01,LINREG,SP500,-0.032862874584165425,-0.5
2005-12-01,LINREG,TB3MS,0.08853099657815718,-0.5
2005-12-01,LINREG,UNRATE_lag12,-0.06688736979478821,-0.5
2005-12-01,LINREG,USREC,0.03065518054002545,-0.5
2006-01-01,LINREG,BUSLOANS,-0.014405708851272857,-0.1
2006-01-01,LINREG,CPIAUCSL,-0.0020912713858591784,-0.1
2006-01-01,LINREG,DPCERA3M086SBEA,-0.08626888743037038,-0.1
2006-01-01,LINREG,INDPRO,-0.13758221849939684,-0.1
2006-01-01,LINREG,M2SL,0.004292415750806182,-0.1
2006-01-01,LINREG,OILPRICEX,0.0009042660248307381,-0.1
2006-01-01,LINREG,RPI,-0.011533881245684555,-0.1
2006-01-01,LINREG,SP500,-0.19304039767319842,-0.1
2006-01-01,LINREG,TB3MS,0.09990226592946892,-0.1
2006-01-01,LINREG,UNRATE_lag12,-0.09476613378572912,-0.1
2006-01-01,LINREG,USREC,0.030677543236603943,-0.1
2006-02-01,LINREG,BUSLOANS,-0.011657799956812584,-0.3
2006-02-01,LINREG,CPIAUCSL,-0.0006479237021385226,-0.3
2006-02-01,LINREG,DPCERA3M086SBEA,-0.07006442409359896,-0.3
2006-02-01,LINREG,INDPRO,-0.02717238320390802,-0.3
2006-02-01,LINREG,M2SL,-0.002521078263134684,-0.3
2006-02-01,LINREG,OILPRICEX,-0.020146871765775093,-0.3
2006-02-01,LINREG,RPI,-0.011752491732579334,-0.3
2006-02-01,LINREG,SP500,-0.04090312678412087,-0.3
2006-02-01,LINREG,TB3MS,0.10336443277309823,-0.3
2006-02-01,LINREG,UNRATE_lag12,-0.03868251531091274,-0.3
2006-02-01,LINREG,USREC,0.03058875345298879,-0.3
2006-03-01,LINREG,BUSLOANS,0.009121466984927022,-0.3
2006-03-01,LINREG,CPIAUCSL,-0.001136411260311425,-0.3
2006-03-01,LINREG,DPCERA3M086SBEA,-0.036206068558659134,-0.3
2006-03-01,LINREG,INDPRO,0.002439354171756861,-0.3
2006-03-01,LINREG,M2SL,-0.0009469589298295854,-0.3
2006-03-01,LINREG,OILPRICEX,-0.01924462456664257,-0.3
2006-03-01,LINREG,RPI,-0.016057319018274042,-0.3
2006-03-01,LINREG,SP500,-0.01566876390571488,-0.3
2006-03-01,LINREG,TB3MS,0.1161334244718127,-0.3
2006-03-01,LINREG,UNRATE_lag12,-0.15039574792311217,-0.3
2006-03-01,LINREG,USREC,0.030498422983640496,-0.3
2006-04-01,LINREG,BUSLOANS,-0.001463443006685276,-0.2
2006-04-01,LINREG,CPIAUCSL,-0.0011913042867655343,-0.2
2006-04-01,LINREG,DPCERA3M086SBEA,0.027493754566536913,-0.2
2006-04-01,LINREG,INDPRO,-0.012298385664923956,-0.2
2006-04-01,LINREG,M2SL,0.0028048459598515817,-0.2
2006-04-01,LINREG,OILPRICEX,-0.001926625657065072,-0.2
2006-04-01,LINREG,RPI,-0.0035982978782089325,-0.2
2006-04-01,LINREG,SP500,0.010137968317396441,-0.2
2006-04-01,LINREG,TB3MS,0.06709100663641579,-0.2
2006-04-01,LINREG,UNRATE_lag12,-0.09429578619081443,-0.2
2006-04-01,LINREG,USREC,0.030406900564914505,-0.2
2006-05-01,LINREG,BUSLOANS,-0.014081291177504205,-0.2
2006-05-01,LINREG,CPIAUCSL,-0.0006141873651849881,-0.2
2006-05-01,LINREG,DPCERA3M086SBEA,0.035117046522950904,-0.2
2006-05-01,LINREG,INDPRO,-0.010595815618804766,-0.2
2006-05-01,LINREG,M2SL,0.009726774700072256,-0.2
2006-05-01,LINREG,OILPRICEX,-0.010708164227709328,-0.2
2006-05-01,LINREG,RPI,0.0028872187529462474,-0.2
2006-05-01,LINREG,SP500,0.040320124718851685,-0.2
2006-05-01,LINREG,TB3MS,0.053844993546985145,-0.2
2006-05-01,LINREG,UNRATE_lag12,-0.12229107643600376,-0.2
2006-05-01,LINREG,USREC,0.030283404276781667,-0.2
2006-06-01,LINREG,BUSLOANS,-0.02880504862027584,0.0
2006-06-01,LINREG,CPIAUCSL,-0.0004854691354057154,0.0
2006-06-01,LINREG,DPCERA3M086SBEA,0.0639783562550215,0.0
2006-06-01,LINREG,INDPRO,-0.019765320922826318,0.0
2006-06-01,LINREG,M2SL,-0.00015528337205878613,0.0
2006-06-01,LINREG,OILPRICEX,-0.008118826655824063,0.0
2006-06-01,LINREG,RPI,0.00567508764003803,0.0
2006-06-01,LINREG,SP500,0.20457269371787448,0.0
2006-06-01,LINREG,TB3MS,0.05189956882998741,0.0
2006-06-01,LINREG,UNRATE_lag12,-0.15036705495130298,0.0
2006-06-01,LINREG,USREC,0.030143455319275505,0.0
2006-07-01,LINREG,BUSLOANS,-0.012337905733912658,0.0
2006-07-01,LINREG,CPIAUCSL,-0.0009517175851817549,0.0
2006-07-01,LINREG,DPCERA3M086SBEA,-0.00812069944280793,0.0
2006-07-01,LINREG,INDPRO,0.015935017168374442,0.0
2006-07-01,LINREG,M2SL,-0.0026311707186327947,0.0
2006-07-01,LINREG,OILPRICEX,-0.0007948559790141327,0.0
2006-07-01,LINREG,RPI,0.006259303335824929,0.0
2006-07-01,LINREG,SP500,0.2072767004889433,0.0
2006-07-01,LINREG,TB3MS,0.06490631792630427,0.0
2006-07-01,LINREG,UNRATE_lag12,-0.12224221794337399,0.0
2006-07-01,LINREG,USREC,0.03002913940222889,0.0
2006-08-01,LINREG,BUSLOANS,-0.001297732630422664,-0.1
2006-08-01,LINREG,CPIAUCSL,-0.0008556483188136079,-0.1
2006-08-01,LINREG,DPCERA3M086SBEA,0.08534777667243865,-0.1
2006-08-01,LINREG,INDPRO,-0.025684322719569323,-0.1
2006-08-01,LINREG,M2SL,-0.015089606966488051,-0.1
2006-08-01,LINREG,OILPRICEX,0.012690993609057007,-0.1
2006-08-01,LINREG,RPI,0.005523350426625376,-0.1
2006-08-01,LINREG,SP500,0.08841607567498608,-0.1
2006-08-01,LINREG,TB3MS,0.0441241850357416,-0.1
2006-08-01,LINREG,UNRATE_lag12,-0.12222605141972263,-0.1
2006-08-01,LINREG,USREC,0.02991699428238765,-0.1
2006-09-01,LINREG,BUSLOANS,0.03653908851424146,0.2
2006-09-01,LINREG,CPIAUCSL,0.0020213522894434815,0.2
2006-09-01,LINREG,DPCERA3M086SBEA,-0.020131595250676818,0.2
2006-09-01,LINREG,INDPRO,0.02298587046761576,0.2
2006-09-01,LINREG,M2SL,-0.004969768726856636,0.2
2006-09-01,LINREG,OILPRICEX,0.02679513051091661,0.2
2006-09-01,LINREG,RPI,0.0022069599038007813,0.2
2006-09-01,LINREG,SP500,-0.11527629178667892,0.2
2006-09-01,LINREG,TB3MS,0.002822408045221007,0.2
2006-09-01,LINREG,UNRATE_lag12,-0.09361625548449364,0.2
2006-09-01,LINREG,USREC,0.029874622877454883,0.2
2006-10-01,LINREG,BUSLOANS,0.030120993890628635,0.3
2006-10-01,LINREG,CPIAUCSL,0.012500247466157561,0.3
2006-10-01,LINREG,DPCERA3M086SBEA,0.004491305075714453,0.3
2006-10-01,LINREG,INDPRO,0.029306438355556772,0.3
2006-10-01,LINREG,M2SL,-0.005835246162124044,0.3
2006-10-01,LINREG,OILPRICEX,0.03657079892228087,0.3
2006-10-01,LINREG,RPI,-0.003160093650694399,0.3
2006-10-01,LINREG,SP500,-0.22500582109781456,0.3
2006-10-01,LINREG,TB3MS,-0.0065913837984303125,0.3
2006-10-01,LINREG,UNRATE_lag12,-0.12123915587445132,0.3
2006-10-01,LINREG,USREC,0.029903651624650723,0.3
2006-11-01,LINREG,BUSLOANS,0.05717127669765808,0.2
2006-11-01,LINREG,CPIAUCSL,0.019565731760605377,0.2
2006-11-01,LINREG,DPCERA3M086SBEA,-0.06468552282354922,0.2
2006-11-01,LINREG,INDPRO,0.0779868150628948,0.2
2006-11-01,LINREG,M2SL,0.000208690744660539,0.2
2006-11-01,LINREG,OILPRICEX,0.028793440086102,0.2
2006-11-01,LINREG,RPI,-0.007659983351723719,0.2
2006-11-01,LINREG,SP500,-0.21379178201902957,0.2
2006-11-01,LINREG,TB3MS,-0.004705207122618822,0.2
2006-11-01,LINREG,UNRATE_lag12,-0.09275749033825448,0.2
2006-11-01,LINREG,USREC,0.02987188566225753,0.2
2006-12-01,LINREG,BUSLOANS,0.00282302330402212,0.6
2006-12-01,LINREG,CPIAUCSL,0.00460847209955395,0.6
2006-12-01,LINREG,DPCERA3M086SBEA,-0.057431804210612905,0.6
2006-12-01,LINREG,INDPRO,-0.04198272262927577,0.6
2006-12-01,LINREG,M2SL,-0.007209370635191291,0.6
2006-12-01,LINREG,OILPRICEX,-0.009293332610935868,0.6
2006-12-01,LINREG,RPI,-0.0047418101430092546,0.6
2006-12-01,LINREG,SP500,-0.19825248473372728,0.6
2006-12-01,LINREG,TB3MS,0.00667928757836707,0.6
2006-12-01,LINREG,UNRATE_lag12,-0.12051086754299961,0.6
2006-12-01,LINREG,USREC,0.030003427246409725,0.6
2007-01-01,LINREG,BUSLOANS,0.002515633539028345,0.4
2007-01-01,LINREG,CPIAUCSL,-0.010948223266114866,0.4
2007-01-01,LINREG,DPCERA3M086SBEA,-0.013272041549896526,0.4
2007-01-01,LINREG,INDPRO,-0.01927877753364491,0.4
2007-01-01,LINREG,M2SL,-0.0019254096831782255,0.4
2007-01-01,LINREG,OILPRICEX,-0.018541909346445166,0.4
2007-01-01,LINREG,RPI,-0.0019217518543333642,0.4
2007-01-01,LINREG,SP500,-0.08738528014686024,0.4
2007-01-01,LINREG,TB3MS,0.010439441588182148,0.4
2007-01-01,LINREG,UNRATE_lag12,-0.14806937676284254,0.4
2007-01-01,LINREG,USREC,0.030009774860691004,0.4
2007-02-01,LINREG,BUSLOANS,-0.02439345652519667,0.4
2007-02-01,LINREG,CPIAUCSL,-0.00722636931958124,0.4
2007-02-01,LINREG,DPCERA3M086SBEA,-0.0017612490653954218,0.4
2007-02-01,LINREG,INDPRO,-0.11982408545622876,0.4
2007-02-01,LINREG,M2SL,0.004431774195673773,0.4
2007-02-01,LINREG,OILPRICEX,-0.023117785857229116,0.4
2007-02-01,LINREG,RPI,-0.0008665336282140659,0.4
2007-02-01,LINREG,SP500,-0.071703328709025,0.4
2007-02-01,LINREG,TB3MS,0.01600052449339769,0.4
2007-02-01,LINREG,UNRATE_lag12,-0.14781344449238448,0.4
2007-02-01,LINREG,USREC,0.03010155521420683,0.4
2007-03-01,LINREG,BUSLOANS,0.0009246374490760671,0.7
2007-03-01,LINREG,CPIAUCSL,-0.0011684240693380723,0.7
2007-03-01,LINREG,DPCERA3M086SBEA,0.087363563642311,0.7
2007-03-01,LINREG,INDPRO,-0.033995772143515395,0.7
2007-03-01,LINREG,M2SL,0.011570693597812768,0.7
2007-03-01,LINREG,OILPRICEX,-0.0010079731408158274,0.7
2007-03-01,LINREG,RPI,-0.00017985624655407628,0.7
2007-03-01,LINREG,SP500,0.10619232779112321,0.7
2007-03-01,LINREG,TB3MS,0.015920120886380215,0.7
2007-03-01,LINREG,UNRATE_lag12,-0.11922181773820324,0.7
2007-03-01,LINREG,USREC,0.030096195673582755,0.7
2007-04-01,LINREG,BUSLOANS,-0.003498755969454054,0.5
2007-04-01,LINREG,CPIAUCSL,-0.0003503975053529642,0.5
2007-04-01,LINREG,DPCERA3M086SBEA,0.10791580513313802,0.5
2007-04-01,LINREG,INDPRO,-0.1367751445582841,0.5
2007-04-01,LINREG,M2SL,-0.0011637429689649332,0.5
2007-04-01,LINREG,OILPRICEX,-0.025132953932013726,0.5
2007-04-01,LINREG,RPI,5.4650236041796115e-05,0.5
2007-04-01,LINREG,SP500,-0.02455321417985187,0.5
2007-04-01,LINREG,TB3MS,-0.021414627657100928,0.5
2007-04-01,LINREG,UNRATE_lag12,-0.118897026271213,0.5
2007-04-01,LINREG,USREC,0.030167162276454024,0.5
2007-05-01,LINREG,BUSLOANS,-0.006019333173055303,1.0
2007-05-01,LINREG,CPIAUCSL,-6.620284035150636e-05,1.0
2007-05-01,LINREG,DPCERA3M086SBEA,0.075499139240464,1.0
2007-05-01,LINREG,INDPRO,-0.050094000641948556,1.0
2007-05-01,LINREG,M2SL,-0.005579865122792771,1.0
2007-05-01,LINREG,OILPRICEX,-0.0074586933432987165,1.0
2007-05-01,LINREG,RPI,6.81801401734366e-05,1.0
2007-05-01,LINREG,SP500,-0.0912773402029587,1.0
2007-05-01,LINREG,TB3MS,-0.05617249365823443,1.0
2007-05-01,LINREG,UNRATE_lag12,-0.11800467044810198,1.0
2007-05-01,LINREG,USREC,0.03034633362143564,1.0
2007-06-01,LINREG,BUSLOANS,-0.019256591769997243,1.0
2007-06-01,LINREG,CPIAUCSL,0.00043214742379125835,1.0
2007-06-01,LINREG,DPCERA3M086SBEA,0.0981588856902163,1.0
2007-06-01,LINREG,INDPRO,-0.037392162836471995,1.0
2007-06-01,LINREG,M2SL,-0.006917350604105671,1.0
2007-06-01,LINREG,OILPRICEX,-0.01219364034854319,1.0
2007-06-01,LINREG,RPI,0.0020706006084726934,1.0
2007-06-01,LINREG,SP500,-0.1980518589602658,1.0
2007-06-01,LINREG,TB3MS,-0.06099432606406743,1.0
2007-06-01,LINREG,UNRATE_lag12,-0.08944283356063172,1.0
2007-06-01,LINREG,USREC,0.030522487071935528,1.0
2007-07-01,LINREG,BUSLOANS,-0.02345515161854693,1.1
2007-07-01,LINREG,CPIAUCSL,0.0028685505991395076,1.1
2007-07-01,LINREG,DPCERA3M086SBEA,0.05657361089672673,1.1
2007-07-01,LINREG,INDPRO,0.04226373735488858,1.1
2007-07-01,LINREG,M2SL,0.012242404473027112,1.1
2007-07-01,LINREG,OILPRICEX,0.0007008785525217748,1.1
2007-07-01,LINREG,RPI,0.004226651849223718,1.1
2007-07-01,LINREG,SP500,-0.0646373746765393,1.1
2007-07-01,LINREG,TB3MS,-0.009734319425219465,1.1
2007-07-01,LINREG,UNRATE_lag12,-0.06109688007227239,1.1
2007-07-01,LINREG,USREC,0.03061073087995694,1.1
2007-08-01,LINREG,BUSLOANS,-0.020246932384052316,1.5
2007-08-01,LINREG,CPIAUCSL,0.013379133050396796,1.5
2007-08-01,LINREG,DPCERA3M086SBEA,0.0013554904439503353,1.5
2007-08-01,LINREG,INDPRO,0.03256421217148933,1.5
2007-08-01,LINREG,M2SL,-0.004812085150268902,1.5
2007-08-01,LINREG,OILPRICEX,-0.00499341813016054,1.5
2007-08-01,LINREG,RPI,0.007767001063942081,1.5
2007-08-01,LINREG,SP500,0.2263171166199704,1.5
2007-08-01,LINREG,TB3MS,-0.09537460093645792,1.5
2007-08-01,LINREG,UNRATE_lag12,-0.033157405697936286,1.5
2007-08-01,LINREG,USREC,0.03084263167374039,1.5
2007-09-01,LINREG,BUSLOANS,-0.02328542511203833,1.4
2007-09-01,LINREG,CPIAUCSL,0.006720210020465899,1.4
2007-09-01,LINREG,DPCERA3M086SBEA,-0.014675019935859823,1.4
2007-09-01,LINREG,INDPRO,0.01585516335210996,1.4
2007-09-01,LINREG,M2SL,-0.0011019923156966637,1.4
2007-09-01,LINREG,OILPRICEX,-0.0043142249935196764,1.4
2007-09-01,LINREG,RPI,0.007108265134763233,1.4
2007-09-01,LINREG,SP500,0.12464444304414585,1.4
2007-09-01,LINREG,TB3MS,-0.12547472112592467,1.4
2007-09-01,LINREG,UNRATE_lag12,-0.11149093809528043,1.4
2007-09-01,LINREG,USREC,0.031296059169806385,1.4
2007-10-01,LINREG,BUSLOANS,-0.009883916777283239,1.8
2007-10-01,LINREG,CPIAUCSL,0.0013619320843034123,1.8
2007-10-01,LINREG,DPCERA3M086SBEA,0.030552027617696088,1.8
2007-10-01,LINREG,INDPRO,0.03274044935752975,1.8
2007-10-01,LINREG,M2SL,-0.007819777121894793,1.8
2007-10-01,LINREG,OILPRICEX,-0.00032056151023833506,1.8
2007-10-01,LINREG,RPI,0.013475339291232256,1.8
2007-10-01,LINREG,SP500,0.0331988480552449,1.8
2007-10-01,LINREG,TB3MS,-0.15303796069562162,1.8
2007-10-01,LINREG,UNRATE_lag12,-0.13459020416374404,1.8
2007-10-01,LINREG,USREC,0.031908562475103486,1.8
2007-11-01,LINREG,BUSLOANS,-0.0006194106404816379,2.1
2007-11-01,LINREG,CPIAUCSL,-0.011804756601162212,2.1
2007-11-01,LINREG,DPCERA3M086SBEA,0.07342090922235657,2.1
2007-11-01,LINREG,INDPRO,-0.0026042340501308365,2.1
2007-11-01,LINREG,M2SL,0.030250817330428805,2.1
2007-11-01,LINREG,OILPRICEX,-0.009341346616465226,2.1
2007-11-01,LINREG,RPI,0.0177219618828036,2.1
2007-11-01,LINREG,SP500,0.057793143907039546,2.1
2007-11-01,LINREG,TB3MS,-0.14410334731274282,2.1
2007-11-01,LINREG,UNRATE_lag12,-0.10619357308365988,2.1
2007-11-01,LINREG,USREC,0.03231169176220929,2.1
2007-12-01,LINREG,BUSLOANS,0.005011629364313533,2.3
2007-12-01,LINREG,CPIAUCSL,9.326907127416852e-05,2.3
2007-12-01,LINREG,DPCERA3M086SBEA,0.1042286588044187,2.3
2007-12-01,LINREG,INDPRO,0.017151500213997622,2.3
2007-12-01,LINREG,M2SL,0.02407217964115406,2.3
2007-12-01,LINREG,OILPRICEX,0.0025138089368188362,2.3
2007-12-01,LINREG,RPI,0.011994619401160835,2.3
2007-12-01,LINREG,SP500,0.12849718355791698,2.3
2007-12-01,LINREG,TB3MS,-0.1305152217648775,2.3
2007-12-01,LINREG,UNRATE_lag12,-0.10341609686914344,2.3
2007-12-01,LINREG,USREC,0.03250336309177748,2.3
2008-01-01,LINREG,BUSLOANS,0.014808022426225075,2.8
2008-01-01,LINREG,CPIAUCSL,0.0056625934820984285,2.8
2008-01-01,LINREG,DPCERA3M086SBEA,0.12349840771401346,2.8
2008-01-01,LINREG,INDPRO,0.001175974896646827,2.8
2008-01-01,LINREG,M2SL,0.009218630122078209,2.8
2008-01-01,LINREG,OILPRICEX,0.00737602917854124,2.8
2008-01-01,LINREG,RPI,0.004903579173288457,2.8
2008-01-01,LINREG,SP500,0.5194492422028452,2.8
2008-01-01,LINREG,TB3MS,-0.16309716956657438,2.8
2008-01-01,LINREG,UNRATE_lag12,-0.00522736532726063,2.8
2008-01-01,LINREG,USREC,-0.40395134094561297,2.8
2008-02-01,LINREG,BUSLOANS,0.02679873006260074,3.4
2008-02-01,LINREG,CPIAUCSL,-0.0040016579459031965,3.4
2008-02-01,LINREG,DPCERA3M086SBEA,0.24449329357673183,3.4
2008-02-01,LINREG,INDPRO,0.08989191842238918,3.4
2008-02-01,LINREG,M2SL,-0.029864243358928712,3.4
2008-02-01,LINREG,OILPRICEX,0.032644517874752865,3.4
2008-02-01,LINREG,RPI,0.0003417891099325169,3.4
2008-02-01,LINREG,SP500,0.39275062233309666,3.4
2008-02-01,LINREG,TB3MS,-0.16016746022177208,3.4
2008-02-01,LINREG,UNRATE_lag12,-0.05937959506823928,3.4
2008-02-01,LINREG,USREC,-0.4045767477080236,3.4
2008-03-01,LINREG,BUSLOANS,0.014677416473534119,3.6
2008-03-01,LINREG,CPIAUCSL,-0.0013901189041996822,3.6
2008-03-01,LINREG,DPCERA3M086SBEA,0.18073341264298032,3.6
2008-03-01,LINREG,INDPRO,0.11691514617024215,3.6
2008-03-01,LINREG,M2SL,-0.02195793352502383,3.6
2008-03-01,LINREG,OILPRICEX,-0.0006933779181401053,3.6
2008-03-01,LINREG,RPI,0.006704129597603083,3.6
2008-03-01,LINREG,SP500,0.5650073097934691,3.6
2008-03-01,LINREG,TB3MS,-0.229506912139018,3.6
2008-03-01,LINREG,UNRATE_lag12,-0.06166237666634225,3.6
2008-03-01,LINREG,USREC,-0.40766177758889566,3.6
2008-04-01,LINREG,BUSLOANS,0.016102930356061758,4.0
2008-04-01,LINREG,CPIAUCSL,0.0026972252350711745,4.0
2008-04-01,LINREG,DPCERA3M086SBEA,0.14392431355737093,4.0
2008-04-01,LINREG,INDPRO,0.15609647773811347,4.0
2008-04-01,LINREG,M2SL,-0.0050853478951066265,4.0
2008-04-01,LINREG,OILPRICEX,-0.010798652456620681,4.0
2008-04-01,LINREG,RPI,0.016729080792492614,4.0
2008-04-01,LINREG,SP500,0.10846037042986373,4.0
2008-04-01,LINREG,TB3MS,-0.18626158057483905,4.0
2008-04-01,LINREG,UNRATE_lag12,-0.035402223265343764,4.0
2008-04-01,LINREG,USREC,-0.40841545670284646,4.0
2008-05-01,LINREG,BUSLOANS,0.010326785606976358,4.0
2008-05-01,LINREG,CPIAUCSL,0.0014494440847099266,4.0
2008-05-01,LINREG,DPCERA3M086SBEA,0.028856397116863896,4.0
2008-05-01,LINREG,INDPRO,0.1958835791051642,4.0
2008-05-01,LINREG,M2SL,0.005494910655699642,4.0
2008-05-01,LINREG,OILPRICEX,-0.007251568080298113,4.0
2008-05-01,LINREG,RPI,0.06646531944611449,4.0
2008-05-01,LINREG,SP500,-0.06008361447677906,4.0
2008-05-01,LINREG,TB3MS,-0.04866448220280511,4.0
2008-05-01,LINREG,UNRATE_lag12,-0.038254142509485285,4.0
2008-05-01,LINREG,USREC,-0.40348368923579403,4.0
2008-06-01,LINREG,BUSLOANS,0.024877515775137016,3.9
2008-06-01,LINREG,CPIAUCSL,0.018830782603534782,3.9
2008-06-01,LINREG,DPCERA3M086SBEA,0.1262615021117724,3.9
2008-06-01,LINREG,INDPRO,0.20052113859511406,3.9
2008-06-01,LINREG,M2SL,0.03917797904202352,3.9
2008-06-01,LINREG,OILPRICEX,-0.0019645314351039553,3.9
2008-06-01,LINREG,RPI,0.0327572197313593,3.9
2008-06-01,LINREG,SP500,0.007755121040162795,3.9
2008-06-01,LINREG,TB3MS,0.08504367918279108,3.9
2008-06-01,LINREG,UNRATE_lag12,0.027604007988092368,3.9
2008-06-01,LINREG,USREC,-0.3925109062643049,3.9
2008-07-01,LINREG,BUSLOANS,0.03271399609634985,3.7
2008-07-01,LINREG,CPIAUCSL,0.056335884850283284,3.7
2008-07-01,LINREG,DPCERA3M086SBEA,0.2713192927266123,3.7
2008-07-01,LINREG,INDPRO,0.1727775968917698,3.7
2008-07-01,LINREG,M2SL,0.051385234540652476,3.7
2008-07-01,LINREG,OILPRICEX,0.0007589625492922472,3.7
2008-07-01,LINREG,RPI,-0.025052691341315953,3.7
2008-07-01,LINREG,SP500,0.42358919601668166,3.7
2008-07-01,LINREG,TB3MS,0.05009546695183011,3.7
2008-07-01,LINREG,UNRATE_lag12,0.028440285237554035,3.7
2008-07-01,LINREG,USREC,-0.38452687259759777,3.7
2008-08-01,LINREG,BUSLOANS,0.028925930496964403,3.5
2008-08-01,LINREG,CPIAUCSL,0.018414401817852467,3.5
2008-08-01,LINREG,DPCERA3M086SBEA,0.31359064305808315,3.5
2008-08-01,LINREG,INDPRO,0.2763083360275884,3.5
2008-08-01,LINREG,M2SL,0.01870899520613511,3.5
2008-08-01,LINREG,OILPRICEX,0.026779374999130783,3.5
2008-08-01,LINREG,RPI,-0.07279057158373942,3.5
2008-08-01,LINREG,SP500,0.44434549374588217,3.5
2008-08-01,LINREG,TB3MS,0.0004353616604801506,3.5
2008-08-01,LINREG,UNRATE_lag12,-0.006800940292659416,3.5
2008-08-01,LINREG,USREC,-0.379282681675518,3.5
2008-09-01,LINREG,BUSLOANS,-0.0037325668629820618,3.7
2008-09-01,LINREG,CPIAUCSL,-0.044882018876684325,3.7
2008-09-01,LINREG,DPCERA3M086SBEA,0.4250990035477625,3.7
2008-09-01,LINREG,INDPRO,0.562044035856467,3.7
2008-09-01,LINREG,M2SL,-0.022381332975807456,3.7
2008-09-01,LINREG,OILPRICEX,0.05505239051208502,3.7
2008-09-01,LINREG,RPI,-0.05222294390026088,3.7
2008-09-01,LINREG,SP500,0.4760525626998243,3.7
2008-09-01,LINREG,TB3MS,-0.10589365630299169,3.7
2008-09-01,LINREG,UNRATE_lag12,0.10118268762602041,3.7
2008-09-01,LINREG,USREC,-0.37418344955347166,3.7
2008-10-01,LINREG,BUSLOANS,-0.04592298840053638,3.5
2008-10-01,LINREG,CPIAUCSL,-0.05804591175783483,3.5
2008-10-01,LINREG,DPCERA3M086SBEA,0.35311548727925435,3.5
2008-10-01,LINREG,INDPRO,0.5913463729465473,3.5
2008-10-01,LINREG,M2SL,-0.03981439114234679,3.5
2008-10-01,LINREG,OILPRICEX,0.1006253755724948,3.5
2008-10-01,LINREG,RPI,-0.01362470088237295,3.5
2008-10-01,LINREG,SP500,0.8435563604284194,3.5
2008-10-01,LINREG,TB3MS,-0.13962564664609975,3.5
2008-10-01,LINREG,UNRATE_lag12,0.1378576020368026,3.5
2008-10-01,LINREG,USREC,-0.3708110197185398,3.5
2008-11-01,LINREG,BUSLOANS,-0.03286925839699576,3.1
2008-11-01,LINREG,CPIAUCSL,-0.06170399582844651,3.1
2008-11-01,LINREG,DPCERA3M086SBEA,0.4235745915422549,3.1
2008-11-01,LINREG,INDPRO,0.5858954098518347,3.1
2008-11-01,LINREG,M2SL,-0.0522290055239973,3.1
2008-11-01,LINREG,OILPRICEX,0.09009288585969158,3.1
2008-11-01,LINREG,RPI,0.02335354201186306,3.1
2008-11-01,LINREG,SP500,0.9473678715061614,3.1
2008-11-01,LINREG,TB3MS,-0.22342357652205316,3.1
2008-11-01,LINREG,UNRATE_lag12,0.1023081464308747,3.1
2008-11-01,LINREG,USREC,-0.36778390584974197,3.1
2008-12-01,LINREG,BUSLOANS,0.004020873904794422,2.6
2008-12-01,LINREG,CPIAUCSL,-0.06333373753894941,2.6
2008-12-01,LINREG,DPCERA3M086SBEA,0.3357403571053656,2.6
2008-12-01,LINREG,INDPRO,0.3984166509412729,2.6
2008-12-01,LINREG,M2SL,-0.06255589665322485,2.6
2008-12-01,LINREG,OILPRICEX,0.09369730401624893,2.6
2008-12-01,LINREG,RPI,0.0024970440271544956,2.6
2008-12-01,LINREG,SP500,1.0336249597599545,2.6
2008-12-01,LINREG,TB3MS,-0.16053534181921494,2.6
2008-12-01,LINREG,UNRATE_lag12,0.25040400563830234,2.6
2008-12-01,LINREG,USREC,-0.3645719491023588,2.6
2009-01-01,LINREG,BUSLOANS,0.05354166296965405,2.0
2009-01-01,LINREG,CPIAUCSL,-0.04484178593469643,2.0
2009-01-01,LINREG,DPCERA3M086SBEA,0.19569351085281472,2.0
2009-01-01,LINREG,INDPRO,0.61134582993249,2.0
2009-01-01,LINREG,M2SL,-0.048703089912468626,2.0
2009-01-01,LINREG,OILPRICEX,0.006519884427133143,2.0
2009-01-01,LINREG,RPI,-0.040908028966838796,2.0
2009-01-01,LINREG,SP500,0.5206751823350708,2.0
2009-01-01,LINREG,TB3MS,-0.07665998776907564,2.0
2009-01-01,LINREG,UNRATE_lag12,0.17773011591000223,2.0
2009-01-01,LINREG,USREC,-0.36381516938778596,2.0
2009-02-01,LINREG,BUSLOANS,0.045848382616913985,1.5
2009-02-01,LINREG,CPIAUCSL,0.03350907602977531,1.5
2009-02-01,LINREG,DPCERA3M086SBEA,0.22285761495047765,1.5
2009-02-01,LINREG,INDPRO,0.610758026328436,1.5
2009-02-01,LINREG,M2SL,-0.025671829641880327,1.5
2009-02-01,LINREG,OILPRICEX,-0.047961999352098605,1.5
2009-02-01,LINREG,RPI,-0.061065228920673495,1.5
2009-02-01,LINREG,SP500,0.43665204965677323,1.5
2009-02-01,LINREG,TB3MS,0.0188842971940249,1.5
2009-02-01,LINREG,UNRATE_lag12,0.17940017517415657,1.5
2009-02-01,LINREG,USREC,-0.36998509272560787,1.5
2009-03-01,LINREG,BUSLOANS,0.034365961019101464,1.2
2009-03-01,LINREG,CPIAUCSL,0.02015225418990669,1.2
2009-03-01,LINREG,DPCERA3M086SBEA,0.254670556569294,1.2
2009-03-01,LINREG,INDPRO,0.46866871852433134,1.2
2009-03-01,LINREG,M2SL,0.04930440498456696,1.2
2009-03-01,LINREG,OILPRICEX,-0.11375444799179328,1.2
2009-03-01,LINREG,RPI,-0.06785169151890984,1.2
2009-03-01,LINREG,SP500,0.6485859912098236,1.2
2009-03-01,LINREG,TB3MS,0.02830122640039516,1.2
2009-03-01,LINREG,UNRATE_lag12,0.29284048044024,1.2
2009-03-01,LINREG,USREC,-0.3760152940452708,1.2
2009-04-01,LINREG,BUSLOANS,0.006329693868148787,0.9
2009-04-01,LINREG,CPIAUCSL,0.009418357181884388,0.9
2009-04-01,LINREG,DPCERA3M086SBEA,0.3953933059598,0.9
2009-04-01,LINREG,INDPRO,0.3022689208536994,0.9
2009-04-01,LINREG,M2SL,0.04135865261845503,0.9
2009-04-01,LINREG,OILPRICEX,-0.13167511677837979,0.9
2009-04-01,LINREG,RPI,-0.043593158450104454,0.9
2009-04-01,LINREG,SP500,0.14877215883944264,0.9
2009-04-01,LINREG,TB3MS,0.007160853029248827,0.9
2009-04-01,LINREG,UNRATE_lag12,0.21676663307982694,0.9
2009-04-01,LINREG,USREC,-0.37796285365154203,0.9
2009-05-01,LINREG,BUSLOANS,0.011149189207223345,0.2
2009-05-01,LINREG,CPIAUCSL,0.002438136609062901,0.2
2009-05-01,LINREG,DPCERA3M086SBEA,0.2724048898217448,0.2
2009-05-01,LINREG,INDPRO,0.3266694847917329,0.2
2009-05-01,LINREG,M2SL,0.02989185506400832,0.2
2009-05-01,LINREG,OILPRICEX,-0.16671023598546844,0.2
2009-05-01,LINREG,RPI,0.011650884892343966,0.2
2009-05-01,LINREG,SP500,-0.3862780613305558,0.2
2009-05-01,LINREG,TB3MS,-0.013722299502504587,0.2
2009-05-01,LINREG,UNRATE_lag12,0.40300516834913674,0.2
2009-05-01,LINREG,USREC,-0.38129873677360987,0.2
2009-06-01,LINREG,BUSLOANS,0.015143747745049946,-0.1
2009-06-01,LINREG,CPIAUCSL,0.002476136615964526,-0.1
2009-06-01,LINREG,DPCERA3M086SBEA,0.1674257483511858,-0.1
2009-06-01,LINREG,INDPRO,0.21916670776668473,-0.1
2009-06-01,LINREG,M2SL,0.0170281235511041,-0.1
2009-06-01,LINREG,OILPRICEX,-0.0464839419344459,-0.1
2009-06-01,LINREG,RPI,-0.01386236597316694,-0.1
2009-06-01,LINREG,SP500,-0.6109706841003263,-0.1
2009-06-01,LINREG,TB3MS,-0.001186255566640499,-0.1
2009-06-01,LINREG,UNRATE_lag12,0.4000327479270034,-0.1
2009-06-01,LINREG,USREC,-0.38399099752805227,-0.1
2009-07-01,LINREG,BUSLOANS,0.027467213099941996,-0.1
2009-07-01,LINREG,CPIAUCSL,0.003093377936677342,-0.1
2009-07-01,LINREG,DPCERA3M086SBEA,0.05529166279690054,-0.1
2009-07-01,LINREG,INDPRO,0.04777012461522773,-0.1
2009-07-01,LINREG,M2SL,0.004630353592204041,-0.1
2009-07-01,LINREG,OILPRICEX,-0.01665315946717137,-0.1
2009-07-01,LINREG,RPI,-0.021557737776806214,-0.1
2009-07-01,LINREG,SP500,-0.3264627425364694,-0.1
2009-07-01,LINREG,TB3MS,0.005665227506237361,-0.1
2009-07-01,LINREG,UNRATE_lag12,0.4351682416428522,-0.1
2009-07-01,LINREG,USREC,0.041121152474844255,-0.1
2009-08-01,LINREG,BUSLOANS,0.037276969915087645,-0.1
2009-08-01,LINREG,CPIAUCSL,0.00890745895440428,-0.1
2009-08-01,LINREG,DPCERA3M086SBEA,-0.12990708684012195,-0.1
2009-08-01,LINREG,INDPRO,-0.13341833433136935,-0.1
2009-08-01,LINREG,M2SL,0.020383747259610542,-0.1
2009-08-01,LINREG,OILPRICEX,0.05339514766661005,-0.1
2009-08-01,LINREG,RPI,-0.014984835349815723,-0.1
2009-08-01,LINREG,SP500,-0.3799131599436724,-0.1
2009-08-01,LINREG,TB3MS,0.00155629181570933,-0.1
2009-08-01,LINREG,UNRATE_lag12,0.581234220601683,-0.1
2009-08-01,LINREG,USREC,0.04051698516457272,-0.1
2009-09-01,LINREG,BUSLOANS,0.024728634264215222,-0.3
2009-09-01,LINREG,CPIAUCSL,-0.004689804011795703,-0.3
2009-09-01,LINREG,DPCERA3M086SBEA,0.08985272029023206,-0.3
2009-09-01,LINREG,INDPRO,-0.23563936786596668,-0.3
2009-09-01,LINREG,M2SL,0.012792566455121853,-0.3
2009-09-01,LINREG,OILPRICEX,0.09050304040598052,-0.3
2009-09-01,LINREG,RPI,-0.00259186813327582,-0.3
2009-09-01,LINREG,SP500,-0.4094315872489261,-0.3
2009-09-01,LINREG,TB3MS,-0.005307005450999484,-0.3
2009-09-01,LINREG,UNRATE_lag12,0.542861436071307,-0.3
2009-09-01,LINREG,USREC,0.04023969472042023,-0.3
2009-10-01,LINREG,BUSLOANS,-0.002337407656486197,-0.6
2009-10-01,LINREG,CPIAUCSL,-0.0009556102294946694,-0.6
2009-10-01,LINREG,DPCERA3M086SBEA,0.14073456344482385,-0.6
2009-10-01,LINREG,INDPRO,-0.1629920939424177,-0.6
2009-10-01,LINREG,M2SL,0.008715295593518926,-0.6
2009-10-01,LINREG,OILPRICEX,0.019886515279147192,-0.6
2009-10-01,LINREG,RPI,-0.0017870965189880903,-0.6
2009-10-01,LINREG,SP500,-0.4536139533839921,-0.6
2009-10-01,LINREG,TB3MS,-0.012149403537799128,-0.6
2009-10-01,LINREG,UNRATE_lag12,0.6880037561287934,-0.6
2009-10-01,LINREG,USREC,0.04012034798838892,-0.6
2009-11-01,LINREG,BUSLOANS,-0.024065458757592435,-0.1
2009-11-01,LINREG,CPIAUCSL,-0.0023331900777079193,-0.1
2009-11-01,LINREG,DPCERA3M086SBEA,0.3879123764218884,-0.1
2009-11-01,LINREG,INDPRO,-0.10747068599899161,-0.1
2009-11-01,LINREG,M2SL,-0.007323034518995229,-0.1
2009-11-01,LINREG,OILPRICEX,0.021014801416362684,-0.1
2009-11-01,LINREG,RPI,-0.0007769264844278493,-0.1
2009-11-01,LINREG,SP500,-0.22408068733980968,-0.1
2009-11-01,LINREG,TB3MS,-0.013480754687567263,-0.1
2009-11-01,LINREG,UNRATE_lag12,0.7937084288087998,-0.1
2009-11-01,LINREG,USREC,0.03995348759685871,-0.1
2009-12-01,LINREG,BUSLOANS,-0.018501000219128403,-0.6
2009-12-01,LINREG,CPIAUCSL,0.0014067300491202317,-0.6
2009-12-01,LINREG,DPCERA3M086SBEA,0.028342010726150155,-0.6
2009-12-01,LINREG,INDPRO,-0.06814922829412023,-0.6
2009-12-01,LINREG,M2SL,-0.008701414290677527,-0.6
2009-12-01,LINREG,OILPRICEX,-0.017774156900565767,-0.6
2009-12-01,LINREG,RPI,-0.00043920999727931444,-0.6
2009-12-01,LINREG,SP500,-0.16938283479327543,-0.6
2009-12-01,LINREG,TB3MS,-0.006596362588644686,-0.6
2009-12-01,LINREG,UNRATE_lag12,0.8616530703606983,-0.6
2009-12-01,LINREG,USREC,0.040015956031759,-0.6
2010-01-01,LINREG,BUSLOANS,-0.011165922732439413,-0.7
2010-01-01,LINREG,CPIAUCSL,-0.0029583713125962727,-0.7
2010-01-01,LINREG,DPCERA3M086SBEA,0.09743836582033968,-0.7
2010-01-01,LINREG,INDPRO,-0.13573723894340714,-0.7
2010-01-01,LINREG,M2SL,0.005891565122797587,-0.7
2010-01-01,LINREG,OILPRICEX,0.03256693733965479,-0.7
2010-01-01,LINREG,RPI,0.0009162007134370151,-0.7
2010-01-01,LINREG,SP500,-0.12901355332479852,-0.7
2010-01-01,LINREG,TB3MS,0.0016421302625868224,-0.7
2010-01-01,LINREG,UNRATE_lag12,1.035871375802659,-0.7
2010-01-01,LINREG,USREC,0.04035641280439974,-0.7
2010-02-01,LINREG,BUSLOANS,-0.0008410420249024817,-0.8
2010-02-01,LINREG,CPIAUCSL,-0.007268072725570499,-0.8
2010-02-01,LINREG,DPCERA3M086SBEA,-0.027188853738521753,-0.8
2010-02-01,LINREG,INDPRO,-0.1310432227158224,-0.8
2010-02-01,LINREG,M2SL,0.007214978209725379,-0.8
2010-02-01,LINREG,OILPRICEX,0.027360864130207913,-0.8
2010-02-01,LINREG,RPI,0.0005307116822037826,-0.8
2010-02-01,LINREG,SP500,0.07097432178875074,-0.8
2010-02-01,LINREG,TB3MS,0.011228155096100218,-0.8
2010-02-01,LINREG,UNRATE_lag12,1.0987651502697136,-0.8
2010-02-01,LINREG,USREC,0.04084400796404299,-0.8
2010-03-01,LINREG,BUSLOANS,-0.01136532744294561,-0.9
2010-03-01,LINREG,CPIAUCSL,-0.006620373103796321,-0.9
2010-03-01,LINREG,DPCERA3M086SBEA,0.0036533259738349673,-0.9
2010-03-01,LINREG,INDPRO,-0.15435906376625275,-0.9
2010-03-01,LINREG,M2SL,0.006359973428184957,-0.9
2010-03-01,LINREG,OILPRICEX,-0.006061391870674733,-0.9
2010-03-01,LINREG,RPI,0.00045921852296317266,-0.9
2010-03-01,LINREG,SP500,-0.07214825421549785,-0.9
2010-03-01,LINREG,TB3MS,0.016694438581195223,-0.9
2010-03-01,LINREG,UNRATE_lag12,1.1255987069391948,-0.9
2010-03-01,LINREG,USREC,0.04126596726065939,-0.9
2010-04-01,LINREG,BUSLOANS,-0.03359789256001066,-0.8
2010-04-01,LINREG,CPIAUCSL,-0.004380256180411813,-0.8
2010-04-01,LINREG,DPCERA3M086SBEA,-0.08680178204282647,-0.8
2010-04-01,LINREG,INDPRO,-0.09206430988431173,-0.8
2010-04-01,LINREG,M2SL,-0.014134181247507583,-0.8
2010-04-01,LINREG,OILPRICEX,-0.011784709645851201,-0.8
2010-04-01,LINREG,RPI,0.0014543793113295583,-0.8
2010-04-01,LINREG,SP500,-0.17846589833806076,-0.8
2010-04-01,LINREG,TB3MS,0.016731839480390694,-0.8
2010-04-01,LINREG,UNRATE_lag12,1.1954049951073826,-0.8
2010-04-01,LINREG,USREC,0.041152307382374964,-0.8
2010-05-01,LINREG,BUSLOANS,-0.03465706558200551,-0.6
2010-05-01,LINREG,CPIAUCSL,-0.0001676060708557579,-0.6
2010-05-01,LINREG,DPCERA3M086SBEA,-0.05771193747386357,-0.6
2010-05-01,LINREG,INDPRO,-0.17260549779207018,-0.6
2010-05-01,LINREG,M2SL,-0.010839185345176501,-0.6
2010-05-01,LINREG,OILPRICEX,0.002415952721837131,-0.6
2010-05-01,LINREG,RPI,0.004688991025322161,-0.6
2010-05-01,LINREG,SP500,-0.053997793700038606,-0.6
2010-05-01,LINREG,TB3MS,0.009829009012392458,-0.6
2010-05-01,LINREG,UNRATE_lag12,1.1852504258968035,-0.6
2010-05-01,LINREG,USREC,0.04105806718941293,-0.6
2010-06-01,LINREG,BUSLOANS,-0.03123368003403659,-0.3
2010-06-01,LINREG,CPIAUCSL,-0.0006922423180926026,-0.3
2010-06-01,LINREG,DPCERA3M086SBEA,-0.002846240837703153,-0.3
2010-06-01,LINREG,INDPRO,-0.1308092826873332,-0.3
2010-06-01,LINREG,M2SL,-0.013672765431910646,-0.3
2010-06-01,LINREG,OILPRICEX,0.039024515024676694,-0.3
2010-06-01,LINREG,RPI,0.004094139538563522,-0.3
2010-06-01,LINREG,SP500,0.32026403693391,-0.3
2010-06-01,LINREG,TB3MS,-0.0011685011313702363,-0.3
2010-06-01,LINREG,UNRATE_lag12,1.2011937733574087,-0.3
2010-06-01,LINREG,USREC,0.041177591538626726,-0.3
2010-07-01,LINREG,BUSLOANS,-0.01041707442655484,-0.4
2010-07-01,LINREG,CPIAUCSL,0.0011583983622542868,-0.4
2010-07-01,LINREG,DPCERA3M086SBEA,-0.01901567281114016,-0.4
2010-07-01,LINREG,INDPRO,-0.13398748799966045,-0.4
2010-07-01,LINREG,M2SL,-0.00110216552512043,-0.4
2010-07-01,LINREG,OILPRICEX,0.041804728217425396,-0.4
2010-07-01,LINREG,RPI,0.0018152676854966486,-0.4
2010-07-01,LINREG,SP500,0.48536878778134823,-0.4
2010-07-01,LINREG,TB3MS,0.002964303504509195,-0.4
2010-07-01,LINREG,UNRATE_lag12,1.2175520170572076,-0.4
2010-07-01,LINREG,USREC,0.041787586049024585,-0.4
2010-08-01,LINREG,BUSLOANS,-0.014836410282930495,-0.5
2010-08-01,LINREG,CPIAUCSL,0.0024916505848615682,-0.5
2010-08-01,LINREG,DPCERA3M086SBEA,-0.017477859226412918,-0.5
2010-08-01,LINREG,INDPRO,-0.05232740805351314,-0.5
2010-08-01,LINREG,M2SL,0.0004061807592703891,-0.5
2010-08-01,LINREG,OILPRICEX,-0.01850877780344343,-0.5
2010-08-01,LINREG,RPI,0.00031416052216425635,-0.5
2010-08-01,LINREG,SP500,0.2096138236738476,-0.5
2010-08-01,LINREG,TB3MS,0.002964064951571898,-0.5
2010-08-01,LINREG,UNRATE_lag12,1.1698880335861537,-0.5
2010-08-01,LINREG,USREC,0.0421807472830864,-0.5
2010-09-01,LINREG,BUSLOANS,-0.013227956675565285,-0.5
2010-09-01,LINREG,CPIAUCSL,0.005307422333432862,-0.5
2010-09-01,LINREG,DPCERA3M086SBEA,0.017425366942103393,-0.5
2010-09-01,LINREG,INDPRO,-0.06157030572533889,-0.5
2010-09-01,LINREG,M2SL,0.0020407198327014554,-0.5
2010-09-01,LINREG,OILPRICEX,-0.018674216404594948,-0.5
2010-09-01,LINREG,RPI,0.00019417063778752794,-0.5
2010-09-01,LINREG,SP500,-0.06606046030504195,-0.5
2010-09-01,LINREG,TB3MS,0.007092328649697116,-0.5
2010-09-01,LINREG,UNRATE_lag12,1.2171393054731239,-0.5
2010-09-01,LINREG,USREC,0.04213468015703368,-0.5
2010-10-01,LINREG,BUSLOANS,-0.012597734402889029,-0.6
2010-10-01,LINREG,CPIAUCSL,0.005734874105642722,-0.6
2010-10-01,LINREG,DPCERA3M086SBEA,0.021617432378923152,-0.6
2010-10-01,LINREG,INDPRO,-0.006136367947582531,-0.6
2010-10-01,LINREG,M2SL,-0.005931536000059023,-0.6
2010-10-01,LINREG,OILPRICEX,-0.041454513998624286,-0.6
2010-10-01,LINREG,RPI,-0.000341717219380508,-0.6
2010-10-01,LINREG,SP500,-0.25008728059736446,-0.6
2010-10-01,LINREG,TB3MS,-0.0011688009595418349,-0.6
2010-10-01,LINREG,UNRATE_lag12,1.1384946455465097,-0.6
2010-10-01,LINREG,USREC,0.04204011425276671,-0.6
2010-11-01,LINREG,BUSLOANS,-0.008122582766135226,-1.2
2010-11-01,LINREG,CPIAUCSL,0.004124143501691901,-1.2
2010-11-01,LINREG,DPCERA3M086SBEA,0.01884280424909532,-1.2
2010-11-01,LINREG,INDPRO,0.017112483523277957,-1.2
2010-11-01,LINREG,M2SL,-0.003095367321820864,-1.2
2010-11-01,LINREG,OILPRICEX,-0.012908369702427971,-1.2
2010-11-01,LINREG,RPI,-0.0014125157748052656,-1.2
2010-11-01,LINREG,SP500,-0.3148722548328583,-1.2
2010-11-01,LINREG,TB3MS,0.0002146330054668335,-1.2
2010-11-01,LINREG,UNRATE_lag12,1.0022196115240976,-1.2
2010-11-01,LINREG,USREC,0.04281770010098493,-1.2
2010-12-01,LINREG,BUSLOANS,-0.00983025348631185,-0.8
2010-12-01,LINREG,CPIAUCSL,0.004466120428677915,-0.8
2010-12-01,LINREG,DPCERA3M086SBEA,0.00992501524812491,-0.8
2010-12-01,LINREG,INDPRO,-0.03952691685012512,-0.8
2010-12-01,LINREG,M2SL,-0.0018198210781181466,-0.8
2010-12-01,LINREG,OILPRICEX,-0.04057137071426335,-0.8
2010-12-01,LINREG,RPI,0.0009536437364911182,-0.8
2010-12-01,LINREG,SP500,-0.3280223371274773,-0.8
2010-12-01,LINREG,TB3MS,0.001592200262092593,-0.8
2010-12-01,LINREG,UNRATE_lag12,0.8350660536274568,-0.8
2010-12-01,LINREG,USREC,0.04290063121772086,-0.8
2011-01-01,LINREG,BUSLOANS,-0.012844317665299382,-0.8
2011-01-01,LINREG,CPIAUCSL,0.002676499624765819,-0.8
2011-01-01,LINREG,DPCERA3M086SBEA,0.04331993146196935,-0.8
2011-01-01,LINREG,INDPRO,-0.0453929804528696,-0.8
2011-01-01,LINREG,M2SL,0.007137517334587728,-0.8
2011-01-01,LINREG,OILPRICEX,-0.004852876252530953,-0.8
2011-01-01,LINREG,RPI,0.0047361369552474586,-0.8
2011-01-01,LINREG,SP500,-0.28569135257367045,-0.8
2011-01-01,LINREG,TB3MS,0.005715881712599196,-0.8
2011-01-01,LINREG,UNRATE_lag12,0.6390653727562664,-0.8
2011-01-01,LINREG,USREC,0.04308245555288092,-0.8
2011-02-01,LINREG,BUSLOANS,-0.0106238271685583,-0.7
2011-02-01,LINREG,CPIAUCSL,0.00213465500333502,-0.7
2011-02-01,LINREG,DPCERA3M086SBEA,0.10859915266452992,-0.7
2011-02-01,LINREG,INDPRO,-0.0050842352051555404,-0.7
2011-02-01,LINREG,M2SL,-0.002449281195135392,-0.7
2011-02-01,LINREG,OILPRICEX,0.0061490311059151275,-0.7
2011-02-01,LINREG,RPI,0.0028820053314931805,-0.7
2011-02-01,LINREG,SP500,-0.311966265101634,-0.7
2011-02-01,LINREG,TB3MS,0.0015866580277530816,-0.7
2011-02-01,LINREG,UNRATE_lag12,0.47698100308789626,-0.7
2011-02-01,LINREG,USREC,0.0432053130253716,-0.7
2011-03-01,LINREG,BUSLOANS,-0.005739220229652306,-0.8
2011-03-01,LINREG,CPIAUCSL,0.0010277289407418617,-0.8
2011-03-01,LINREG,DPCERA3M086SBEA,0.05823737042666136,-0.8
2011-03-01,LINREG,INDPRO,-0.010081671271685317,-0.8
2011-03-01,LINREG,M2SL,-0.005576630579943607,-0.8
2011-03-01,LINREG,OILPRICEX,0.004711517728374459,-0.8
2011-03-01,LINREG,RPI,0.0003848682596624254,-0.8
2011-03-01,LINREG,SP500,-0.12133418136941948,-0.8
2011-03-01,LINREG,TB3MS,-0.0025368134823205847,-0.8
2011-03-01,LINREG,UNRATE_lag12,0.3803207643034114,-0.8
2011-03-01,LINREG,USREC,0.04340713209562517,-0.8
2011-04-01,LINREG,BUSLOANS,-0.007147818816317745,-0.9
2011-04-01,LINREG,CPIAUCSL,0.0017889355756616806,-0.9
2011-04-01,LINREG,DPCERA3M086SBEA,0.11105588696334937,-0.9
2011-04-01,LINREG,INDPRO,-0.0008262618119899374,-0.9
2011-04-01,LINREG,M2SL,-0.018988191797495158,-0.9
2011-04-01,LINREG,OILPRICEX,-0.029278963322906523,-0.9
2011-04-01,LINREG,RPI,-0.0016771387045032263,-0.9
2011-04-01,LINREG,SP500,-0.0729831481762885,-0.9
2011-04-01,LINREG,TB3MS,-0.009383886665787263,-0.9
2011-04-01,LINREG,UNRATE_lag12,0.28428986210753027,-0.9
2011-04-01,LINREG,USREC,0.04358641658544957,-0.9
2011-05-01,LINREG,BUSLOANS,-0.0166620598003207,-0.8
2011-05-01,LINREG,CPIAUCSL,0.0012788059641734688,-0.8
2011-05-01,LINREG,DPCERA3M086SBEA,0.13019723943340883,-0.8
2011-05-01,LINREG,INDPRO,-0.04387169199901346,-0.8
2011-05-01,LINREG,M2SL,-0.01454525578902483,-0.8
2011-05-01,LINREG,OILPRICEX,-0.015144966323286149,-0.8
2011-05-01,LINREG,RPI,-0.0063816922615961835,-0.8
2011-05-01,LINREG,SP500,0.025460792410912245,-0.8
2011-05-01,LINREG,TB3MS,-0.009393467131259742,-0.8
2011-05-01,LINREG,UNRATE_lag12,0.05825240389897661,-0.8
2011-05-01,LINREG,USREC,0.04347556219339438,-0.8
2011-06-01,LINREG,BUSLOANS,-0.013397310857878379,-0.9
2011-06-01,LINREG,CPIAUCSL,-0.002350953829273784,-0.9
2011-06-01,LINREG,DPCERA3M086SBEA,0.15391221801709454,-0.9
2011-06-01,LINREG,INDPRO,0.016960201469960655,-0.9
2011-06-01,LINREG,M2SL,-0.014148127335692044,-0.9
2011-06-01,LINREG,OILPRICEX,0.04843554192580043,-0.9
2011-06-01,LINREG,RPI,-0.0033530651384711062,-0.9
2011-06-01,LINREG,SP500,0.13043330734795522,-0.9
2011-06-01,LINREG,TB3MS,-0.005256064382257235,-0.9
2011-06-01,LINREG,UNRATE_lag12,-0.03935430724377334,-0.9
2011-06-01,LINREG,USREC,0.04326074663511518,-0.9
2011-07-01,LINREG,BUSLOANS,-0.010147178262597235,-0.8
2011-07-01,LINREG,CPIAUCSL,-0.005586778004350391,-0.8
2011-07-01,LINREG,DPCERA3M086SBEA,0.08642853137431257,-0.8
2011-07-01,LINREG,INDPRO,-0.05105579990777417,-0.8
2011-07-01,LINREG,M2SL,-0.030570723740370905,-0.8
2011-07-01,LINREG,OILPRICEX,0.07257816483734551,-0.8
2011-07-01,LINREG,RPI,0.001551046375631001,-0.8
2011-07-01,LINREG,SP500,0.095976931668173,-0.8
2011-07-01,LINREG,TB3MS,0.0002537333642768398,-0.8
2011-07-01,LINREG,UNRATE_lag12,-0.039407140783374914,-0.8
2011-07-01,LINREG,USREC,0.04304269856419581,-0.8
2011-08-01,LINREG,BUSLOANS,-0.003090936611899985,-0.9
2011-08-01,LINREG,CPIAUCSL,-0.007172969208695114,-0.9
2011-08-01,LINREG,DPCERA3M086SBEA,0.07310746535756703,-0.9
2011-08-01,LINREG,INDPRO,-0.10003526355705547,-0.9
2011-08-01,LINREG,M2SL,-0.06754046887577853,-0.9
2011-08-01,LINREG,OILPRICEX,0.05870085033037479,-0.9
2011-08-01,LINREG,RPI,0.002416857884623221,-0.9
2011-08-01,LINREG,SP500,0.5529777052387451,-0.9
2011-08-01,LINREG,TB3MS,0.00025200616269772426,-0.9
2011-08-01,LINREG,UNRATE_lag12,-0.03956537857504363,-0.9
2011-08-01,LINREG,USREC,0.04275094495112274,-0.9
2011-09-01,LINREG,BUSLOANS,-0.007529051137944792,-1.2
2011-09-01,LINREG,CPIAUCSL,3.582864959734039e-05,-1.2
2011-09-01,LINREG,DPCERA3M086SBEA,0.08695285463651503,-1.2
2011-09-01,LINREG,INDPRO,-0.06810939718080813,-1.2
2011-09-01,LINREG,M2SL,-0.06840405255159594,-1.2
2011-09-01,LINREG,OILPRICEX,0.009748592167291823,-1.2
2011-09-01,LINREG,RPI,-0.005034938616678165,-1.2
2011-09-01,LINREG,SP500,0.4306918688678261,-1.2
2011-09-01,LINREG,TB3MS,-0.00111572032041299,-1.2
2011-09-01,LINREG,UNRATE_lag12,-0.1063628070669647,-1.2
2011-09-01,LINREG,USREC,0.04234510904086456,-1.2
2011-10-01,LINREG,BUSLOANS,-0.005341319373478702,-1.0
2011-10-01,LINREG,CPIAUCSL,0.0002002066867494172,-1.0
2011-10-01,LINREG,DPCERA3M086SBEA,0.08503648078804364,-1.0
2011-10-01,LINREG,INDPRO,-0.08686338615270096,-1.0
2011-10-01,LINREG,M2SL,0.03189869109331482,-1.0
2011-10-01,LINREG,OILPRICEX,-0.0021586132402409996,-1.0
2011-10-01,LINREG,RPI,-0.014304664057394445,-1.0
2011-10-01,LINREG,SP500,0.42718945473101294,-1.0
2011-10-01,LINREG,TB3MS,0.00025830758417260427,-1.0
2011-10-01,LINREG,UNRATE_lag12,-0.20788258439341498,-1.0
2011-10-01,LINREG,USREC,0.04173131875657693,-1.0
2011-11-01,LINREG,BUSLOANS,0.005680908171850031,-0.9
2011-11-01,LINREG,CPIAUCSL,-0.0018767695347718788,-0.9
2011-11-01,LINREG,DPCERA3M086SBEA,0.10772447816647618,-0.9
2011-11-01,LINREG,INDPRO,-0.025965653043061584,-0.9
2011-11-01,LINREG,M2SL,0.06363329344392467,-0.9
2011-11-01,LINREG,OILPRICEX,-0.062364728565062234,-0.9
2011-11-01,LINREG,RPI,-0.017009135307351167,-0.9
2011-11-01,LINREG,SP500,-0.05911216597067338,-0.9
2011-11-01,LINREG,TB3MS,0.0016629184243999414,-0.9
2011-11-01,LINREG,UNRATE_lag12,-0.03984985992888859,-0.9
2011-11-01,LINREG,USREC,0.04155974158247979,-0.9
2011-12-01,LINREG,BUSLOANS,0.0034208575444904152,-0.6
2011-12-01,LINREG,CPIAUCSL,-0.010818521319724937,-0.6
2011-12-01,LINREG,DPCERA3M086SBEA,0.1322705774962412,-0.6
2011-12-01,LINREG,INDPRO,-0.08058996191983511,-0.6
2011-12-01,LINREG,M2SL,0.05607997874418049,-0.6
2011-12-01,LINREG,OILPRICEX,-0.06021662851001903,-0.6
2011-12-01,LINREG,RPI,0.004867412163999986,-0.6
2011-12-01,LINREG,SP500,-0.14854590849489532,-0.6
2011-12-01,LINREG,TB3MS,0.0030802128155551084,-0.6
2011-12-01,LINREG,UNRATE_lag12,-0.20891451423759533,-0.6
2011-12-01,LINREG,USREC,0.041295204316621544,-0.6
2012-01-01,LINREG,BUSLOANS,-0.003099636499026668,-0.3
2012-01-01,LINREG,CPIAUCSL,-0.0025739194785263375,-0.3
2012-01-01,LINREG,DPCERA3M086SBEA,0.08779949481296072,-0.3
2012-01-01,LINREG,INDPRO,-0.0719086718199499,-0.3
2012-01-01,LINREG,M2SL,0.02014125234782006,-0.3
2012-01-01,LINREG,OILPRICEX,-0.062359671422362026,-0.3
2012-01-01,LINREG,RPI,0.009634764964329893,-0.3
2012-01-01,LINREG,SP500,-0.21357442448571884,-0.3
2012-01-01,LINREG,TB3MS,0.004488301222411702,-0.3
2012-01-01,LINREG,UNRATE_lag12,-0.2423161831896862,-0.3
2012-01-01,LINREG,USREC,0.04117561029749717,-0.3
2012-02-01,LINREG,BUSLOANS,-0.01972721056407667,-0.6
2012-02-01,LINREG,CPIAUCSL,0.0007955339487704437,-0.6
2012-02-01,LINREG,DPCERA3M086SBEA,-0.07803272910326874,-0.6
2012-02-01,LINREG,INDPRO,-0.10138378423995399,-0.6
2012-02-01,LINREG,M2SL,-0.018862701821766165,-0.6
2012-02-01,LINREG,OILPRICEX,0.015199291115980096,-0.6
2012-02-01,LINREG,RPI,0.021789804138570852,-0.6
2012-02-01,LINREG,SP500,-0.3031742746673809,-0.6
2012-02-01,LINREG,TB3MS,0.014365085633744683,-0.6
2012-02-01,LINREG,UNRATE_lag12,-0.2754531037243758,-0.6
2012-02-01,LINREG,USREC,0.041020505887472955,-0.6
2012-03-01,LINREG,BUSLOANS,-0.010656653989459053,-0.7
2012-03-01,LINREG,CPIAUCSL,0.008167580537549863,-0.7
2012-03-01,LINREG,DPCERA3M086SBEA,-0.0402222112418781,-0.7
2012-03-01,LINREG,INDPRO,-0.00749240350577281,-0.7
2012-03-01,LINREG,M2SL,-0.01004401553431746,-0.7
2012-03-01,LINREG,OILPRICEX,0.01464405306594867,-0.7
2012-03-01,LINREG,RPI,0.009402848469043351,-0.7
2012-03-01,LINREG,SP500,-0.3543796601681969,-0.7
2012-03-01,LINREG,TB3MS,0.012929727103812674,-0.7
2012-03-01,LINREG,UNRATE_lag12,-0.30870782311124517,-0.7
2012-03-01,LINREG,USREC,0.040805133098222514,-0.7
2012-04-01,LINREG,BUSLOANS,-0.0043761113789810135,-0.6
2012-04-01,LINREG,CPIAUCSL,0.0019873806051026737,-0.6
2012-04-01,LINREG,DPCERA3M086SBEA,0.02245927219211262,-0.6
2012-04-01,LINREG,INDPRO,-0.018317867648212693,-0.6
2012-04-01,LINREG,M2SL,0.007168692342094967,-0.6
2012-04-01,LINREG,OILPRICEX,0.026059980926200543,-0.6
2012-04-01,LINREG,RPI,0.011027483174537143,-0.6
2012-04-01,LINREG,SP500,-0.17305699176355824,-0.6
2012-04-01,LINREG,TB3MS,0.01010046625939849,-0.6
2012-04-01,LINREG,UNRATE_lag12,-0.2746596037012292,-0.6
2012-04-01,LINREG,USREC,0.04055220448968861,-0.6
2012-05-01,LINREG,BUSLOANS,0.01808225703723154,-0.7
2012-05-01,LINREG,CPIAUCSL,-0.0071660003214316075,-0.7
2012-05-01,LINREG,DPCERA3M086SBEA,0.14751661440075828,-0.7
2012-05-01,LINREG,INDPRO,-0.010289691060220667,-0.7
2012-05-01,LINREG,M2SL,0.009038573000832228,-0.7
2012-05-01,LINREG,OILPRICEX,0.027566758239269257,-0.7
2012-05-01,LINREG,RPI,0.0010732313534685283,-0.7
2012-05-01,LINREG,SP500,0.10597941115672885,-0.7
2012-05-01,LINREG,TB3MS,0.0030155435393218705,-0.7
2012-05-01,LINREG,UNRATE_lag12,-0.20777132385495353,-0.7
2012-05-01,LINREG,USREC,0.040255717285639266,-0.7
2012-06-01,LINREG,BUSLOANS,0.0013605435530126247,-0.7
2012-06-01,LINREG,CPIAUCSL,-0.020238432175024027,-0.7
2012-06-01,LINREG,DPCERA3M086SBEA,0.13993020702625886,-0.7
2012-06-01,LINREG,INDPRO,-0.057626935598689075,-0.7
2012-06-01,LINREG,M2SL,0.0011800503601670173,-0.7
2012-06-01,LINREG,OILPRICEX,0.06824533457087233,-0.7
2012-06-01,LINREG,RPI,-0.006171714730705486,-0.7
2012-06-01,LINREG,SP500,0.2589800131379374,-0.7
2012-06-01,LINREG,TB3MS,0.0044300866616074335,-0.7
2012-06-01,LINREG,UNRATE_lag12,-0.10602242076027861,-0.7
2012-06-01,LINREG,USREC,0.03996734624385324,-0.7
2012-07-01,LINREG,BUSLOANS,0.004112851346041865,-0.9
2012-07-01,LINREG,CPIAUCSL,-0.025549887605098142,-0.9
2012-07-01,LINREG,DPCERA3M086SBEA,0.11468256641578324,-0.9
2012-07-01,LINREG,INDPRO,-0.0120644104861276,-0.9
2012-07-01,LINREG,M2SL,-0.003813776255526341,-0.9
2012-07-01,LINREG,OILPRICEX,0.0384790693170312,-0.9
2012-07-01,LINREG,RPI,-0.03637742705621229,-0.9
2012-07-01,LINREG,SP500,0.14671269971774498,-0.9
2012-07-01,LINREG,TB3MS,0.005809250361429503,-0.9
2012-07-01,LINREG,UNRATE_lag12,-0.14106016093557952,-0.9
2012-07-01,LINREG,USREC,0.03964296482262385,-0.9
2012-08-01,LINREG,BUSLOANS,-0.009212874960850156,-0.9
2012-08-01,LINREG,CPIAUCSL,0.010392767262874407,-0.9
2012-08-01,LINREG,DPCERA3M086SBEA,0.11120914713575243,-0.9
2012-08-01,LINREG,INDPRO,0.04795145351281068,-0.9
2012-08-01,LINREG,M2SL,-0.013789861247184895,-0.9
2012-08-01,LINREG,OILPRICEX,-0.015372935912381144,-0.9
2012-08-01,LINREG,RPI,-0.04893948304503695,-0.9
2012-08-01,LINREG,SP500,-0.10088260685569203,-0.9
2012-08-01,LINREG,TB3MS,0.004383372399262024,-0.9
2012-08-01,LINREG,UNRATE_lag12,-0.17626278568203413,-0.9
2012-08-01,LINREG,USREC,0.039380766221084086,-0.9
2012-09-01,LINREG,BUSLOANS,0.012279478208157038,-0.6
2012-09-01,LINREG,CPIAUCSL,0.03304420239636762,-0.6
2012-09-01,LINREG,DPCERA3M086SBEA,0.06037531774820786,-0.6
2012-09-01,LINREG,INDPRO,0.05483941601317967,-0.6
2012-09-01,LINREG,M2SL,-0.009463124603842896,-0.6
2012-09-01,LINREG,OILPRICEX,-0.08303840491043743,-0.6
2012-09-01,LINREG,RPI,-0.023602654290108147,-0.6
2012-09-01,LINREG,SP500,-0.2601781328823165,-0.6
2012-09-01,LINREG,TB3MS,0.005778861371915933,-0.6
2012-09-01,LINREG,UNRATE_lag12,-0.17627596388009395,-0.6
2012-09-01,LINREG,USREC,0.03926427444708492,-0.6
2012-10-01,LINREG,BUSLOANS,0.010252163218423623,-0.6
2012-10-01,LINREG,CPIAUCSL,0.03470782524548944,-0.6
2012-10-01,LINREG,DPCERA3M086SBEA,0.10369610046932794,-0.6
2012-10-01,LINREG,INDPRO,0.041849949836734034,-0.6
2012-10-01,LINREG,M2SL,-0.014088357120539498,-0.6
2012-10-01,LINREG,OILPRICEX,-0.03825196580528629,-0.6
2012-10-01,LINREG,RPI,0.018817178000150005,-0.6
2012-10-01,LINREG,SP500,-0.141291079974663,-0.6
2012-10-01,LINREG,TB3MS,0.002966358044794974,-0.6
2012-10-01,LINREG,UNRATE_lag12,-0.2112390349868647,-0.6
2012-10-01,LINREG,USREC,0.039127702422502166,-0.6
2012-11-01,LINREG,BUSLOANS,0.014033985839200175,-0.8
2012-11-01,LINREG,CPIAUCSL,0.0009495232259202613,-0.8
2012-11-01,LINREG,DPCERA3M086SBEA,0.018881878480534686,-0.8
2012-11-01,LINREG,INDPRO,-0.02918390807341126,-0.8
2012-11-01,LINREG,M2SL,-0.005383634375275835,-0.8
2012-11-01,LINREG,OILPRICEX,0.015377842711324263,-0.8
2012-11-01,LINREG,RPI,0.05117480157604711,-0.8
2012-11-01,LINREG,SP500,0.098299094510199,-0.8
2012-11-01,LINREG,TB3MS,0.0015601735878775344,-0.8
2012-11-01,LINREG,UNRATE_lag12,-0.4203853978855136,-0.8
2012-11-01,LINREG,USREC,0.03863333473358711,-0.8
2012-12-01,LINREG,BUSLOANS,-0.0018028254842029268,-1.2
2012-12-01,LINREG,CPIAUCSL,-0.024891675110305392,-1.2
2012-12-01,LINREG,DPCERA3M086SBEA,0.03780883672849502,-1.2
2012-12-01,LINREG,INDPRO,-0.05604190397136177,-1.2
2012-12-01,LINREG,M2SL,-0.01450312698426086,-1.2
2012-12-01,LINREG,OILPRICEX,0.04278954652924276,-1.2
2012-12-01,LINREG,RPI,0.03401214704550252,-1.2
2012-12-01,LINREG,SP500,0.1295282254700089,-1.2
2012-12-01,LINREG,TB3MS,-0.0027076211561026862,-1.2
2012-12-01,LINREG,UNRATE_lag12,-0.2807890983088657,-1.2
2012-12-01,LINREG,USREC,0.03807568708269317,-1.2
2013-01-01,LINREG,BUSLOANS,0.001698873518154414,-1.4
2013-01-01,LINREG,CPIAUCSL,-0.047098931948475344,-1.4
2013-01-01,LINREG,DPCERA3M086SBEA,-0.05076463715369843,-1.4
2013-01-01,LINREG,INDPRO,-0.028254508109025345,-1.4
2013-01-01,LINREG,M2SL,0.0019188161467762277,-1.4
2013-01-01,LINREG,OILPRICEX,-0.008823682847741878,-1.4
2013-01-01,LINREG,RPI,-0.0436993621909989,-1.4
2013-01-01,LINREG,SP500,-0.038419446612995754,-1.4
2013-01-01,LINREG,TB3MS,-0.0012689140981776926,-1.4
2013-01-01,LINREG,UNRATE_lag12,-0.28172578135969367,-1.4
2013-01-01,LINREG,USREC,0.03745779992178625,-1.4
2013-02-01,LINREG,BUSLOANS,-0.00015061402090266098,-1.0
2013-02-01,LINREG,CPIAUCSL,0.0055765579053259655,-1.0
2013-02-01,LINREG,DPCERA3M086SBEA,0.03854770104275054,-1.0
2013-02-01,LINREG,INDPRO,-0.03769937831507459,-1.0
2013-02-01,LINREG,M2SL,0.015067919068566703,-1.0
2013-02-01,LINREG,OILPRICEX,-0.040041561741455955,-1.0
2013-02-01,LINREG,RPI,-0.08426426107019468,-1.0
2013-02-01,LINREG,SP500,-0.2376600866929103,-1.0
2013-02-01,LINREG,TB3MS,0.0043828700555270245,-1.0
2013-02-01,LINREG,UNRATE_lag12,-0.24671596091085748,-1.0
2013-02-01,LINREG,USREC,0.03714407315761915,-1.0
2013-03-01,LINREG,BUSLOANS,0.01421024798840795,-0.8
2013-03-01,LINREG,CPIAUCSL,0.013994941553551497,-0.8
2013-03-01,LINREG,DPCERA3M086SBEA,0.02122906424689233,-0.8
2013-03-01,LINREG,INDPRO,-0.05314743406464187,-0.8
2013-03-01,LINREG,M2SL,0.04218097696403668,-0.8
2013-03-01,LINREG,OILPRICEX,-0.027883064281008063,-0.8
2013-03-01,LINREG,RPI,-0.10017803478013998,-0.8
2013-03-01,LINREG,SP500,-0.25895885394682533,-0.8
2013-03-01,LINREG,TB3MS,0.00579327021868891,-0.8
2013-03-01,LINREG,UNRATE_lag12,-0.28186173692672917,-0.8
2013-03-01,LINREG,USREC,0.0369099406951154,-0.8
2013-04-01,LINREG,BUSLOANS,0.011273803278882605,-1.4
2013-04-01,LINREG,CPIAUCSL,0.0012004472472808044,-1.4
2013-04-01,LINREG,DPCERA3M086SBEA,0.10311654019998574,-1.4
2013-04-01,LINREG,INDPRO,-0.043136093670228866,-1.4
2013-04-01,LINREG,M2SL,0.024961725037754286,-1.4
2013-04-01,LINREG,OILPRICEX,0.017150923481462407,-1.4
2013-04-01,LINREG,RPI,-0.0005937278195550661,-1.4
2013-04-01,LINREG,SP500,-0.15434280636148448,-1.4
2013-04-01,LINREG,TB3MS,0.0015547496987275572,-1.4
2013-04-01,LINREG,UNRATE_lag12,-0.3178128645382131,-1.4
2013-04-01,LINREG,USREC,0.036381707615747334,-1.4
2013-05-01,LINREG,BUSLOANS,0.011728735889059481,-1.2
2013-05-01,LINREG,CPIAUCSL,-0.052729134623928454,-1.2
2013-05-01,LINREG,DPCERA3M086SBEA,0.04342215170599054,-1.2
2013-05-01,LINREG,INDPRO,-0.007380183396060033,-1.2
2013-05-01,LINREG,M2SL,0.009466651022163503,-1.2
2013-05-01,LINREG,OILPRICEX,0.021056850313289726,-1.2
2013-05-01,LINREG,RPI,0.022281055571955113,-1.2
2013-05-01,LINREG,SP500,-0.23953848343441028,-1.2
2013-05-01,LINREG,TB3MS,-0.0055520907535621415,-1.2
2013-05-01,LINREG,UNRATE_lag12,-0.28258217315268164,-1.2
2013-05-01,LINREG,USREC,0.03599753478873683,-1.2
2013-06-01,LINREG,BUSLOANS,0.0023705364738174314,-1.4
2013-06-01,LINREG,CPIAUCSL,-0.018420534634549,-1.4
2013-06-01,LINREG,DPCERA3M086SBEA,0.07070684574775049,-1.4
2013-06-01,LINREG,INDPRO,0.010433415001077917,-1.4
2013-06-01,LINREG,M2SL,-0.003908655680326203,-1.4
2013-06-01,LINREG,OILPRICEX,0.004496550070793615,-1.4
2013-06-01,LINREG,RPI,0.010274898013478482,-1.4
2013-06-01,LINREG,SP500,-0.09116509529469644,-1.4
2013-06-01,LINREG,TB3MS,-0.002703176760751271,-1.4
2013-06-01,LINREG,UNRATE_lag12,-0.3191889999620545,-1.4
2013-06-01,LINREG,USREC,0.03545467992911558,-1.4
2013-07-01,LINREG,BUSLOANS,-0.0007340008548658447,-1.1
2013-07-01,LINREG,CPIAUCSL,0.01958149882060425,-1.1
2013-07-01,LINREG,DPCERA3M086SBEA,0.05113571852804032,-1.1
2013-07-01,LINREG,INDPRO,0.030650329912388335,-1.1
2013-07-01,LINREG,M2SL,-0.005640107720243664,-1.1
2013-07-01,LINREG,OILPRICEX,-0.03556821960180364,-1.1
2013-07-01,LINREG,RPI,-0.010099493463067682,-1.1
2013-07-01,LINREG,SP500,-0.16055376727253243,-1.1
2013-07-01,LINREG,TB3MS,0.00014074900634116735,-1.1
2013-07-01,LINREG,UNRATE_lag12,-0.2841222125132322,-1.1
2013-07-01,LINREG,USREC,0.035113773337033104,-1.1
2013-08-01,LINREG,BUSLOANS,-0.00191366478521343,-1.1
2013-08-01,LINREG,CPIAUCSL,0.045086708832199736,-1.1
2013-08-01,LINREG,DPCERA3M086SBEA,0.07567045788849731,-1.1
2013-08-01,LINREG,INDPRO,-0.014582645367885165,-1.1
2013-08-01,LINREG,M2SL,-0.008030439559536234,-1.1
2013-08-01,LINREG,OILPRICEX,-0.027852145540192337,-1.1
2013-08-01,LINREG,RPI,-0.02154204846743962,-1.1
2013-08-01,LINREG,SP500,0.005362843424135474,-1.1
2013-08-01,LINREG,TB3MS,0.003003438573524988,-1.1
2013-08-01,LINREG,UNRATE_lag12,-0.32080207749733386,-1.1
2013-08-01,LINREG,USREC,0.03467898737257385,-1.1
2013-09-01,LINREG,BUSLOANS,0.004101916149194241,-1.3
2013-09-01,LINREG,CPIAUCSL,0.01532798331858194,-1.3
2013-09-01,LINREG,DPCERA3M086SBEA,0.015587618670404875,-1.3
2013-09-01,LINREG,INDPRO,-0.04199364304160639,-1.3
2013-09-01,LINREG,M2SL,-0.009143958217191012,-1.3
2013-09-01,LINREG,OILPRICEX,-0.017310948583892163,-1.3
2013-09-01,LINREG,RPI,-0.007257383495080823,-1.3
2013-09-01,LINREG,SP500,-0.08563115897899334,-1.3
2013-09-01,LINREG,TB3MS,-0.0012991844658862136,-1.3
2013-09-01,LINREG,UNRATE_lag12,-0.4288187491746185,-1.3
2013-09-01,LINREG,USREC,0.034070743896586896,-1.3
2013-10-01,LINREG,BUSLOANS,0.005545122131600568,-1.5
2013-10-01,LINREG,CPIAUCSL,-0.005580188974292526,-1.5
2013-10-01,LINREG,DPCERA3M086SBEA,-0.02150422416530798,-1.5
2013-10-01,LINREG,INDPRO,-0.06412787861740334,-1.5
2013-10-01,LINREG,M2SL,-0.030899337420798024,-1.5
2013-10-01,LINREG,OILPRICEX,0.03484347557243756,-1.5
2013-10-01,LINREG,RPI,-0.013269097756444052,-1.5
2013-10-01,LINREG,SP500,-0.04191890573804592,-1.5
2013-10-01,LINREG,TB3MS,0.0044281709947429,-1.5
2013-10-01,LINREG,UNRATE_lag12,-0.356621438805479,-1.5
2013-10-01,LINREG,USREC,0.0334595955237458,-1.5
2013-11-01,LINREG,BUSLOANS,-0.0013851391404578017,-1.1
2013-11-01,LINREG,CPIAUCSL,-0.015256404053250825,-1.1
2013-11-01,LINREG,DPCERA3M086SBEA,-0.06990099051112339,-1.1
2013-11-01,LINREG,INDPRO,-0.03231561797340501,-1.1
2013-11-01,LINREG,M2SL,-0.010504121268699557,-1.1
2013-11-01,LINREG,OILPRICEX,0.04888633116600462,-1.1
2013-11-01,LINREG,RPI,-0.010401708457652599,-1.1
2013-11-01,LINREG,SP500,-0.18217968474594462,-1.1
2013-11-01,LINREG,TB3MS,0.007262014137601405,-1.1
2013-11-01,LINREG,UNRATE_lag12,-0.32022807546888593,-1.1
2013-11-01,LINREG,USREC,0.03308758039620428,-1.1
2013-12-01,LINREG,BUSLOANS,-0.011255380826146829,-1.1
2013-12-01,LINREG,CPIAUCSL,0.001053870201596303,-1.1
2013-12-01,LINREG,DPCERA3M086SBEA,-0.03081337169948514,-1.1
2013-12-01,LINREG,INDPRO,-0.00381874061039806,-1.1
2013-12-01,LINREG,M2SL,-0.011026700849107994,-1.1
2013-12-01,LINREG,OILPRICEX,0.03601217427174977,-1.1
2013-12-01,LINREG,RPI,-0.019160129228436934,-1.1
2013-12-01,LINREG,SP500,-0.19586889453001521,-1.1
2013-12-01,LINREG,TB3MS,0.010090865702687487,-1.1
2013-12-01,LINREG,UNRATE_lag12,-0.2118813689089751,-1.1
2013-12-01,LINREG,USREC,0.032811582129364004,-1.1
2014-01-01,LINREG,BUSLOANS,-0.01484555719760038,-0.9
2014-01-01,LINREG,CPIAUCSL,0.012824570447708801,-0.9
2014-01-01,LINREG,DPCERA3M086SBEA,0.09033986935587078,-0.9
2014-01-01,LINREG,INDPRO,0.02159115007735179,-0.9
2014-01-01,LINREG,M2SL,0.027309347061817882,-0.9
2014-01-01,LINREG,OILPRICEX,0.003310469603851373,-0.9
2014-01-01,LINREG,RPI,0.01809805297840566,-0.9
2014-01-01,LINREG,SP500,-0.15135347544375571,-0.9
2014-01-01,LINREG,TB3MS,0.0015383939521995428,-0.9
2014-01-01,LINREG,UNRATE_lag12,-0.10347253288595558,-0.9
2014-01-01,LINREG,USREC,0.032649337266773035,-0.9
2014-02-01,LINREG,BUSLOANS,-0.031504643426478886,-1.2
2014-02-01,LINREG,CPIAUCSL,0.011942967484084572,-1.2
2014-02-01,LINREG,DPCERA3M086SBEA,0.08060585516172149,-1.2
2014-02-01,LINREG,INDPRO,-0.0257065174868377,-1.2
2014-02-01,LINREG,M2SL,-0.0010371664850814513,-1.2
2014-02-01,LINREG,OILPRICEX,-0.041263726103288476,-1.2
2014-02-01,LINREG,RPI,0.02882323083668809,-1.2
2014-02-01,LINREG,SP500,0.005282888111438144,-1.2
2014-02-01,LINREG,TB3MS,0.0001027184551692337,-1.2
2014-02-01,LINREG,UNRATE_lag12,-0.21292896481397813,-1.2
2014-02-01,LINREG,USREC,0.03223556457061781,-1.2
2014-03-01,LINREG,BUSLOANS,-0.02314589159686974,-1.3
2014-03-01,LINREG,CPIAUCSL,0.001861790873777248,-1.3
2014-03-01,LINREG,DPCERA3M086SBEA,-0.006468522641741727,-1.3
2014-03-01,LINREG,INDPRO,-0.09483383102684524,-1.3
2014-03-01,LINREG,M2SL,0.007457182159045211,-1.3
2014-03-01,LINREG,OILPRICEX,-0.025547886339549172,-1.3
2014-03-01,LINREG,RPI,0.03775278736810278,-1.3
2014-03-01,LINREG,SP500,-0.041745609135747264,-1.3
2014-03-01,LINREG,TB3MS,0.00010354188537673283,-1.3
2014-03-01,LINREG,UNRATE_lag12,-0.24910294939385327,-1.3
2014-03-01,LINREG,USREC,0.031768812995676216,-1.3
2014-04-01,LINREG,BUSLOANS,-0.026202063698649625,-0.8
2014-04-01,LINREG,CPIAUCSL,-0.00720501340058044,-0.8
2014-04-01,LINREG,DPCERA3M086SBEA,-0.09526664566424618,-0.8
2014-04-01,LINREG,INDPRO,-0.13629282868441708,-0.8
2014-04-01,LINREG,M2SL,-0.00042596854666013853,-0.8
2014-04-01,LINREG,OILPRICEX,-0.030298454550185743,-0.8
2014-04-01,LINREG,RPI,0.02950014100803305,-0.8
2014-04-01,LINREG,SP500,-0.011115759723233047,-0.8
2014-04-01,LINREG,TB3MS,0.0015746478891094924,-0.8
2014-04-01,LINREG,UNRATE_lag12,-0.21213460170347898,-0.8
2014-04-01,LINREG,USREC,0.031529498071671345,-0.8
2014-05-01,LINREG,BUSLOANS,0.020012851606376277,-0.7
2014-05-01,LINREG,CPIAUCSL,-0.0014405747644926793,-0.7
2014-05-01,LINREG,DPCERA3M086SBEA,-0.05258207754983459,-0.7
2014-05-01,LINREG,INDPRO,-0.10283732283332081,-0.7
2014-05-01,LINREG,M2SL,0.013970786562412109,-0.7
2014-05-01,LINREG,OILPRICEX,0.011847002174767352,-0.7
2014-05-01,LINREG,RPI,0.019164740000893958,-0.7
2014-05-01,LINREG,SP500,-0.07719704230773765,-0.7
2014-05-01,LINREG,TB3MS,0.00010124588795927029,-0.7
2014-05-01,LINREG,UNRATE_lag12,-0.2481702931972542,-0.7
2014-05-01,LINREG,USREC,0.03133465127824554,-0.7
2014-06-01,LINREG,BUSLOANS,0.017842116774296365,-0.8
2014-06-01,LINREG,CPIAUCSL,-0.001900242316138825,-0.8
2014-06-01,LINREG,DPCERA3M086SBEA,-0.01304228464735009,-0.8
2014-06-01,LINREG,INDPRO,-0.04601814989848955,-0.8
2014-06-01,LINREG,M2SL,0.002087803381770055,-0.8
2014-06-01,LINREG,OILPRICEX,-0.004228309907545937,-0.8
2014-06-01,LINREG,RPI,0.013628157011864837,-0.8
2014-06-01,LINREG,SP500,-0.09567115086854745,-0.8
2014-06-01,LINREG,TB3MS,0.001574988537513253,-0.8
2014-06-01,LINREG,UNRATE_lag12,-0.24798987820934665,-0.8
2014-06-01,LINREG,USREC,0.031123309795406964,-0.8
2014-07-01,LINREG,BUSLOANS,0.02174153021311504,-1.0
2014-07-01,LINREG,CPIAUCSL,-0.0025673710250840244,-1.0
2014-07-01,LINREG,DPCERA3M086SBEA,-0.02249254183108823,-1.0
2014-07-01,LINREG,INDPRO,-0.05769334010878232,-1.0
2014-07-01,LINREG,M2SL,-0.006457032267849536,-1.0
2014-07-01,LINREG,OILPRICEX,0.01236079681367564,-1.0
2014-07-01,LINREG,RPI,0.01263427093399544,-1.0
2014-07-01,LINREG,SP500,-0.1474501765134899,-1.0
2014-07-01,LINREG,TB3MS,0.003042697088397005,-1.0
2014-07-01,LINREG,UNRATE_lag12,-0.32057175526347753,-1.0
2014-07-01,LINREG,USREC,0.030827759880243787,-1.0
2014-08-01,LINREG,BUSLOANS,-0.0017458630021352033,-1.0
2014-08-01,LINREG,CPIAUCSL,-0.013755516972442233,-1.0
2014-08-01,LINREG,DPCERA3M086SBEA,-0.1052811111918999,-1.0
2014-08-01,LINREG,INDPRO,-0.005058450163312942,-1.0
2014-08-01,LINREG,M2SL,0.002962845419730899,-1.0
2014-08-01,LINREG,OILPRICEX,0.014247729270454595,-1.0
2014-08-01,LINREG,RPI,0.020638181640610147,-1.0
2014-08-01,LINREG,SP500,-0.06898093153485395,-1.0
2014-08-01,LINREG,TB3MS,0.0030390935673029326,-1.0
2014-08-01,LINREG,UNRATE_lag12,-0.3205473074137194,-1.0
2014-08-01,LINREG,USREC,0.03048060797007863,-1.0
2014-09-01,LINREG,BUSLOANS,-0.003043175793436193,-0.9
2014-09-01,LINREG,CPIAUCSL,-0.016187704514409786,-0.9
2014-09-01,LINREG,DPCERA3M086SBEA,-0.04756427440944063,-0.9
2014-09-01,LINREG,INDPRO,9.752951062522352e-06,-0.9
2014-09-01,LINREG,M2SL,0.010199451107430398,-0.9
2014-09-01,LINREG,OILPRICEX,0.03570957384061639,-0.9
2014-09-01,LINREG,RPI,0.019421115559055988,-0.9
2014-09-01,LINREG,SP500,-0.013211464197378009,-0.9
2014-09-01,LINREG,TB3MS,8.884823396831907e-05,-0.9
2014-09-01,LINREG,UNRATE_lag12,-0.21105255663965536,-0.9
2014-09-01,LINREG,USREC,0.03022433241583078,-0.9
2014-10-01,LINREG,BUSLOANS,0.00900773861028495,-0.7
2014-10-01,LINREG,CPIAUCSL,-0.01882736051681074,-0.7
2014-10-01,LINREG,DPCERA3M086SBEA,-0.12464689436245845,-0.7
2014-10-01,LINREG,INDPRO,0.018713206364071228,-0.7
2014-10-01,LINREG,M2SL,0.007683195899960494,-0.7
2014-10-01,LINREG,OILPRICEX,0.043707467865035515,-0.7
2014-10-01,LINREG,RPI,0.02715554026108419,-0.7
2014-10-01,LINREG,SP500,0.15377700023855087,-0.7
2014-10-01,LINREG,TB3MS,0.00156479304739498,-0.7
2014-10-01,LINREG,UNRATE_lag12,-0.21137088795393463,-0.7
2014-10-01,LINREG,USREC,0.03000583842475588,-0.7
2014-11-01,LINREG,BUSLOANS,0.009277276134075701,-0.7
2014-11-01,LINREG,CPIAUCSL,-0.01764637669968322,-0.7
2014-11-01,LINREG,DPCERA3M086SBEA,-0.04759951560162238,-0.7
2014-11-01,LINREG,INDPRO,-0.05310419991727063,-0.7
2014-11-01,LINREG,M2SL,-0.004292641983038244,-0.7
2014-11-01,LINREG,OILPRICEX,0.03610937304430787,-0.7
2014-11-01,LINREG,RPI,0.028879679582788625,-0.7
2014-11-01,LINREG,SP500,-0.08553192665002361,-0.7
2014-11-01,LINREG,TB3MS,0.0015619891032489204,-0.7
2014-11-01,LINREG,UNRATE_lag12,-0.28453109488089534,-0.7
2014-11-01,LINREG,USREC,0.029793058630130917,-0.7
2014-12-01,LINREG,BUSLOANS,0.0033915030459249016,-0.6
2014-12-01,LINREG,CPIAUCSL,-0.025643056257705698,-0.6
2014-12-01,LINREG,DPCERA3M086SBEA,-0.09249806595237305,-0.6
2014-12-01,LINREG,INDPRO,-0.02666617265264378,-0.6
2014-12-01,LINREG,M2SL,-0.01627644964278944,-0.6
2014-12-01,LINREG,OILPRICEX,0.06225231529281981,-0.6
2014-12-01,LINREG,RPI,0.03928810583527884,-0.6
2014-12-01,LINREG,SP500,-0.0401804306738713,-0.6
2014-12-01,LINREG,TB3MS,0.004506226487588574,-0.6
2014-12-01,LINREG,UNRATE_lag12,-0.43086243595684987,-0.6
2014-12-01,LINREG,USREC,0.02952428258711846,-0.6
2015-01-01,LINREG,BUSLOANS,-0.021567106253895307,-0.9
2015-01-01,LINREG,CPIAUCSL,-0.04835547153141593,-0.9
2015-01-01,LINREG,DPCERA3M086SBEA,-0.019436093508293645,-0.9
2015-01-01,LINREG,INDPRO,0.04392744531359554,-0.9
2015-01-01,LINREG,M2SL,-0.014838741540541848,-0.9
2015-01-01,LINREG,OILPRICEX,0.06889442426527334,-0.9
2015-01-01,LINREG,RPI,0.04667708152960896,-0.9
2015-01-01,LINREG,SP500,-0.10306301922900314,-0.9
2015-01-01,LINREG,TB3MS,0.004491210282366329,-0.9
2015-01-01,LINREG,UNRATE_lag12,-0.504242274893406,-0.9
2015-01-01,LINREG,USREC,0.029021667225273388,-0.9
2015-02-01,LINREG,BUSLOANS,-0.013837306340186492,-0.6
2015-02-01,LINREG,CPIAUCSL,-0.021467103300009262,-0.6
2015-02-01,LINREG,DPCERA3M086SBEA,-0.016181075765010718,-0.6
2015-02-01,LINREG,INDPRO,0.14986061006943216,-0.6
2015-02-01,LINREG,M2SL,-0.028373259448860256,-0.6
2015-02-01,LINREG,OILPRICEX,0.028906911694911722,-0.6
2015-02-01,LINREG,RPI,0.03663730094458952,-0.6
2015-02-01,LINREG,SP500,0.007797545835270837,-0.6
2015-02-01,LINREG,TB3MS,0.0030010515250327103,-0.6
2015-02-01,LINREG,UNRATE_lag12,-0.3578249186646456,-0.6
2015-02-01,LINREG,USREC,0.02877166720115735,-0.6
2015-03-01,LINREG,BUSLOANS,-0.010195130876079641,-0.4
2015-03-01,LINREG,CPIAUCSL,0.017406968312206547,-0.4
2015-03-01,LINREG,DPCERA3M086SBEA,-0.020430181523197605,-0.4
2015-03-01,LINREG,INDPRO,0.173346359754502,-0.4
2015-03-01,LINREG,M2SL,-0.00010111779969047711,-0.4
2015-03-01,LINREG,OILPRICEX,-0.04610516331043014,-0.4
2015-03-01,LINREG,RPI,0.01232037054856668,-0.4
2015-03-01,LINREG,SP500,0.030966534586810444,-0.4
2015-03-01,LINREG,TB3MS,0.00299608307913246,-0.4
2015-03-01,LINREG,UNRATE_lag12,-0.2845194180947667,-0.4
2015-03-01,LINREG,USREC,0.028625669248010282,-0.4
2015-04-01,LINREG,BUSLOANS,0.007417667366843144,-0.3
2015-04-01,LINREG,CPIAUCSL,0.07312594837043856,-0.3
2015-04-01,LINREG,DPCERA3M086SBEA,-0.010593459129994497,-0.3
2015-04-01,LINREG,INDPRO,0.15070001180790416,-0.3
2015-04-01,LINREG,M2SL,0.013806427100802997,-0.3
2015-04-01,LINREG,OILPRICEX,-0.14423098129677847,-0.3
2015-04-01,LINREG,RPI,-0.0026694926766390997,-0.3
2015-04-01,LINREG,SP500,-0.04866336637324696,-0.3
2015-04-01,LINREG,TB3MS,0.0015288444930675988,-0.3
2015-04-01,LINREG,UNRATE_lag12,-0.5072812079989721,-0.3
2015-04-01,LINREG,USREC,0.02846833047854647,-0.3
2015-05-01,LINREG,BUSLOANS,0.003555603920766814,-0.8
2015-05-01,LINREG,CPIAUCSL,0.05435419537533853,-0.8
2015-05-01,LINREG,DPCERA3M086SBEA,-0.02250060519962699,-0.8
2015-05-01,LINREG,INDPRO,0.12887818185332053,-0.8
2015-05-01,LINREG,M2SL,0.03931855200766554,-0.8
2015-05-01,LINREG,OILPRICEX,-0.12108968851689476,-0.8
2015-05-01,LINREG,RPI,-0.00635511552650162,-0.8
2015-05-01,LINREG,SP500,0.024011811280282843,-0.8
2015-05-01,LINREG,TB3MS,0.003023672373197307,-0.8
2015-05-01,LINREG,UNRATE_lag12,-0.4349590991399254,-0.8
2015-05-01,LINREG,USREC,0.02814590126293857,-0.8
2015-06-01,LINREG,BUSLOANS,0.016451848912021345,-0.4
2015-06-01,LINREG,CPIAUCSL,0.03158183541500176,-0.4
2015-06-01,LINREG,DPCERA3M086SBEA,0.019386199732414826,-0.4
2015-06-01,LINREG,INDPRO,0.12453915335486891,-0.4
2015-06-01,LINREG,M2SL,0.01613387251258105,-0.4
2015-06-01,LINREG,OILPRICEX,-0.09828713290932962,-0.4
2015-06-01,LINREG,RPI,-0.0008089272718597889,-0.4
2015-06-01,LINREG,SP500,0.04365828860825693,-0.4
2015-06-01,LINREG,TB3MS,0.001539035128749955,-0.4
2015-06-01,LINREG,UNRATE_lag12,-0.5105018485144666,-0.4
2015-06-01,LINREG,USREC,0.0279138849683343,-0.4
2015-07-01,LINREG,BUSLOANS,0.017015993918598368,-0.4
2015-07-01,LINREG,CPIAUCSL,0.0050286980964967965,-0.4
2015-07-01,LINREG,DPCERA3M086SBEA,-0.015035602025393793,-0.4
2015-07-01,LINREG,INDPRO,0.03176457231512535,-0.4
2015-07-01,LINREG,M2SL,0.0058082361081879495,-0.4
2015-07-01,LINREG,OILPRICEX,0.04471565372570599,-0.4
2015-07-01,LINREG,RPI,-0.004103231307535607,-0.4
2015-07-01,LINREG,SP500,0.0816583597346185,-0.4
2015-07-01,LINREG,TB3MS,0.004511329271118345,-0.4
2015-07-01,LINREG,UNRATE_lag12,-0.39801640320788934,-0.4
2015-07-01,LINREG,USREC,0.0276944183341951,-0.4
2015-08-01,LINREG,BUSLOANS,0.01730489772509566,-0.2
2015-08-01,LINREG,CPIAUCSL,-0.009870416456341211,-0.2
2015-08-01,LINREG,DPCERA3M086SBEA,-0.005063738896460649,-0.2
2015-08-01,LINREG,INDPRO,0.011821804974770738,-0.2
2015-08-01,LINREG,M2SL,-0.01100364163767907,-0.2
2015-08-01,LINREG,OILPRICEX,0.0982372743625297,-0.2
2015-08-01,LINREG,RPI,-0.004525795335185477,-0.2
2015-08-01,LINREG,SP500,0.21775018052668038,-0.2
2015-08-01,LINREG,TB3MS,0.0104363729314639,-0.2
2015-08-01,LINREG,UNRATE_lag12,-0.3980312417782675,-0.2
2015-08-01,LINREG,USREC,0.0274828824905959,-0.2
2015-09-01,LINREG,BUSLOANS,0.012614528277519733,0.0
2015-09-01,LINREG,CPIAUCSL,-0.028793068903698184,0.0
2015-09-01,LINREG,DPCERA3M086SBEA,-0.002887013014888908,0.0
2015-09-01,LINREG,INDPRO,0.009048841484387941,0.0
2015-09-01,LINREG,M2SL,-0.007508374286922091,0.0
2015-09-01,LINREG,OILPRICEX,0.09717882526787697,0.0
2015-09-01,LINREG,RPI,0.0012367739249598546,0.0
2015-09-01,LINREG,SP500,0.38007949536044133,0.0
2015-09-01,LINREG,TB3MS,0.0029958029957682843,0.0
2015-09-01,LINREG,UNRATE_lag12,-0.4733015178750388,0.0
2015-09-01,LINREG,USREC,0.027246687608041262,0.0
2015-10-01,LINREG,BUSLOANS,0.0026346197206358153,-0.1
2015-10-01,LINREG,CPIAUCSL,-0.03443166760659259,-0.1
2015-10-01,LINREG,DPCERA3M086SBEA,0.052494997330293135,-0.1
2015-10-01,LINREG,INDPRO,0.09502047534955692,-0.1
2015-10-01,LINREG,M2SL,-0.007096337776522065,-0.1
2015-10-01,LINREG,OILPRICEX,0.004882480491852273,-0.1
2015-10-01,LINREG,RPI,0.0032378452675347865,-0.1
2015-10-01,LINREG,SP500,0.12216213284700995,-0.1
2015-10-01,LINREG,TB3MS,0.0015046050334102236,-0.1
2015-10-01,LINREG,UNRATE_lag12,-0.5483669841218456,-0.1
2015-10-01,LINREG,USREC,0.02705692664779865,-0.1
2015-11-01,LINREG,BUSLOANS,-0.0010968753223350156,-0.4
2015-11-01,LINREG,CPIAUCSL,-0.017932406758160966,-0.4
2015-11-01,LINREG,DPCERA3M086SBEA,0.06689175398764687,-0.4
2015-11-01,LINREG,INDPRO,0.13514996474373137,-0.4
2015-11-01,LINREG,M2SL,-0.01185118206050978,-0.4
2015-11-01,LINREG,OILPRICEX,-0.06619959947919758,-0.4
2015-11-01,LINREG,RPI,-0.002310462033783726,-0.4
2015-11-01,LINREG,SP500,0.0004579084950071496,-0.4
2015-11-01,LINREG,TB3MS,0.010353768836371234,-0.4
2015-11-01,LINREG,UNRATE_lag12,-0.397787682798532,-0.4
2015-11-01,LINREG,USREC,0.02687665231469085,-0.4
2015-12-01,LINREG,BUSLOANS,-0.0005675591439612265,-0.3
2015-12-01,LINREG,CPIAUCSL,0.007177957941822679,-0.3
2015-12-01,LINREG,DPCERA3M086SBEA,0.019743419341283854,-0.3
2015-12-01,LINREG,INDPRO,0.1490252970583972,-0.3
2015-12-01,LINREG,M2SL,-0.010157290255531502,-0.3
2015-12-01,LINREG,OILPRICEX,-0.016046632657357205,-0.3
2015-12-01,LINREG,RPI,0.001730694700564442,-0.3
2015-12-01,LINREG,SP500,-0.13599995133274353,-0.3
2015-12-01,LINREG,TB3MS,0.033847457557333725,-0.3
2015-12-01,LINREG,UNRATE_lag12,-0.39765393210242966,-0.3
2015-12-01,LINREG,USREC,0.026765520969627997,-0.3
2016-01-01,LINREG,BUSLOANS,0.008085818899541094,-0.1
2016-01-01,LINREG,CPIAUCSL,0.0035854685746998616,-0.1
2016-01-01,LINREG,DPCERA3M086SBEA,0.001709808287121984,-0.1
2016-01-01,LINREG,INDPRO,0.07309038590518457,-0.1
2016-01-01,LINREG,M2SL,-0.024487719697145194,-0.1
2016-01-01,LINREG,OILPRICEX,0.05578009738626634,-0.1
2016-01-01,LINREG,RPI,-0.0010915726739449427,-0.1
2016-01-01,LINREG,SP500,0.3788375098800669,-0.1
2016-01-01,LINREG,TB3MS,0.038026101286342893,-0.1
2016-01-01,LINREG,UNRATE_lag12,-0.3224161611524137,-0.1
2016-01-01,LINREG,USREC,0.02660467353240799,-0.1
2016-02-01,LINREG,BUSLOANS,0.003743594911021786,-0.3
2016-02-01,LINREG,CPIAUCSL,-0.010663257408266187,-0.3
2016-02-01,LINREG,DPCERA3M086SBEA,-0.09083333858213144,-0.3
2016-02-01,LINREG,INDPRO,0.055993981247151756,-0.3
2016-02-01,LINREG,M2SL,-0.013082190197955073,-0.3
2016-02-01,LINREG,OILPRICEX,0.061648397454426386,-0.3
2016-02-01,LINREG,RPI,0.0007788833050605729,-0.3
2016-02-01,LINREG,SP500,0.42451321571879025,-0.3
2016-02-01,LINREG,TB3MS,0.03053185122192554,-0.3
2016-02-01,LINREG,UNRATE_lag12,-0.437465130951176,-0.3
2016-02-01,LINREG,USREC,0.026305051726092963,-0.3
2016-03-01,LINREG,BUSLOANS,-0.023788254195078507,-0.6
2016-03-01,LINREG,CPIAUCSL,0.0009423239125275743,-0.6
2016-03-01,LINREG,DPCERA3M086SBEA,0.03713888406772287,-0.6
2016-03-01,LINREG,INDPRO,0.07295543656262884,-0.6
2016-03-01,LINREG,M2SL,-0.007728911666444028,-0.6
2016-03-01,LINREG,OILPRICEX,-0.04307302444585001,-0.6
2016-03-01,LINREG,RPI,-0.011036673199326922,-0.6
2016-03-01,LINREG,SP500,0.13754613055353104,-0.6
2016-03-01,LINREG,TB3MS,0.01152244316597674,-0.6
2016-03-01,LINREG,UNRATE_lag12,-0.47657750027074625,-0.6
2016-03-01,LINREG,USREC,0.025946464395137064,-0.6
2016-04-01,LINREG,BUSLOANS,-0.03291530463684868,-0.7
2016-04-01,LINREG,CPIAUCSL,0.02381819158508224,-0.7
2016-04-01,LINREG,DPCERA3M086SBEA,0.01898311059449012,-0.7
2016-04-01,LINREG,INDPRO,0.08505964216089665,-0.7
2016-04-01,LINREG,M2SL,0.01800618593709654,-0.7
2016-04-01,LINREG,OILPRICEX,-0.13230147072070442,-0.7
2016-04-01,LINREG,RPI,-0.019080861628360878,-0.7
2016-04-01,LINREG,SP500,-0.22948749624021578,-0.7
2016-04-01,LINREG,TB3MS,-0.001629252576631448,-0.7
2016-04-01,LINREG,UNRATE_lag12,-0.28492917389829164,-0.7
2016-04-01,LINREG,USREC,0.025808146318061494,-0.7
2016-05-01,LINREG,BUSLOANS,-0.017375812242831086,-0.4
2016-05-01,LINREG,CPIAUCSL,0.04856253780702058,-0.4
2016-05-01,LINREG,DPCERA3M086SBEA,0.11172173313779371,-0.4
2016-05-01,LINREG,INDPRO,0.06427730098720334,-0.4
2016-05-01,LINREG,M2SL,0.015291831533401707,-0.4
2016-05-01,LINREG,OILPRICEX,-0.1625284367170021,-0.4
2016-05-01,LINREG,RPI,-0.02192046570008468,-0.4
2016-05-01,LINREG,SP500,-0.24223004640368437,-0.4
2016-05-01,LINREG,TB3MS,-0.003090979248055687,-0.4
2016-05-01,LINREG,UNRATE_lag12,-0.24628463183699015,-0.4
2016-05-01,LINREG,USREC,0.0257360485337277,-0.4
2016-06-01,LINREG,BUSLOANS,0.03216756000258422,-0.6
2016-06-01,LINREG,CPIAUCSL,0.02973707112392981,-0.6
2016-06-01,LINREG,DPCERA3M086SBEA,-0.04003232197975824,-0.6
2016-06-01,LINREG,INDPRO,-0.02111504399860858,-0.6
2016-06-01,LINREG,M2SL,0.00988875814401197,-0.6
2016-06-01,LINREG,OILPRICEX,-0.05398354265447038,-0.6
2016-06-01,LINREG,RPI,-0.019461230063688627,-0.6
2016-06-01,LINREG,SP500,-0.04034437407509447,-0.6
2016-06-01,LINREG,TB3MS,-0.00016124468774811367,-0.6
2016-06-01,LINREG,UNRATE_lag12,-0.2844682010020075,-0.6
2016-06-01,LINREG,USREC,0.025599495743095176,-0.6
2016-07-01,LINREG,BUSLOANS,0.04301222599560153,-0.5
2016-07-01,LINREG,CPIAUCSL,-0.004007734304465183,-0.5
2016-07-01,LINREG,DPCERA3M086SBEA,-0.024732889009122364,-0.5
2016-07-01,LINREG,INDPRO,-0.0056168682947716295,-0.5
2016-07-01,LINREG,M2SL,0.003827880440487265,-0.5
2016-07-01,LINREG,OILPRICEX,0.033181036827781486,-0.5
2016-07-01,LINREG,RPI,-0.002754930088029622,-0.5
2016-07-01,LINREG,SP500,-0.0580436263631418,-0.5
2016-07-01,LINREG,TB3MS,0.012988823325327097,-0.5
2016-07-01,LINREG,UNRATE_lag12,-0.36100172966415234,-0.5
2016-07-01,LINREG,USREC,0.025447647207375024,-0.5
2016-08-01,LINREG,BUSLOANS,0.05085277798383717,-0.5
2016-08-01,LINREG,CPIAUCSL,-0.020367554728744106,-0.5
2016-08-01,LINREG,DPCERA3M086SBEA,-0.01419142942088087,-0.5
2016-08-01,LINREG,INDPRO,-0.010994097957794264,-0.5
2016-08-01,LINREG,M2SL,6.114411002460253e-05,-0.5
2016-08-01,LINREG,OILPRICEX,0.0952858045667092,-0.5
2016-08-01,LINREG,RPI,0.001971929052766614,-0.5
2016-08-01,LINREG,SP500,-0.12834074887922206,-0.5
2016-08-01,LINREG,TB3MS,0.007104303392168492,-0.5
2016-08-01,LINREG,UNRATE_lag12,-0.3605788362263632,-0.5
2016-08-01,LINREG,USREC,0.025306156798714178,-0.5
2016-09-01,LINREG,BUSLOANS,0.012576606699058412,-0.7
2016-09-01,LINREG,CPIAUCSL,-0.019708640781834697,-0.7
2016-09-01,LINREG,DPCERA3M086SBEA,0.01862242054406086,-0.7
2016-09-01,LINREG,INDPRO,0.029360254955810846,-0.7
2016-09-01,LINREG,M2SL,0.0016665152058116025,-0.7
2016-09-01,LINREG,OILPRICEX,0.06450704092206913,-0.7
2016-09-01,LINREG,RPI,0.0059342471405305856,-0.7
2016-09-01,LINREG,SP500,-0.058124229168850274,-0.7
2016-09-01,LINREG,TB3MS,0.005626425798413705,-0.7
2016-09-01,LINREG,UNRATE_lag12,-0.3223109849864963,-0.7
2016-09-01,LINREG,USREC,0.02509778089358426,-0.7
2016-10-01,LINREG,BUSLOANS,-0.002411467470108323,-0.7
2016-10-01,LINREG,CPIAUCSL,0.00832364214682045,-0.7
2016-10-01,LINREG,DPCERA3M086SBEA,0.06070619107145954,-0.7
2016-10-01,LINREG,INDPRO,0.03598547185667981,-0.7
2016-10-01,LINREG,M2SL,-0.005506347913739819,-0.7
2016-10-01,LINREG,OILPRICEX,-0.003984237359587701,-0.7
2016-10-01,LINREG,RPI,-0.0017310610357286742,-0.7
2016-10-01,LINREG,SP500,0.08836638854815036,-0.7
2016-10-01,LINREG,TB3MS,0.007074844819146988,-0.7
2016-10-01,LINREG,UNRATE_lag12,-0.2456925948339004,-0.7
2016-10-01,LINREG,USREC,0.024913610666474146,-0.7
2016-11-01,LINREG,BUSLOANS,-0.02979266882000305,-0.5
2016-11-01,LINREG,CPIAUCSL,0.0076595738178934555,-0.5
2016-11-01,LINREG,DPCERA3M086SBEA,0.04922626110273475,-0.5
2016-11-01,LINREG,INDPRO,0.0535486069702588,-0.5
2016-11-01,LINREG,M2SL,-0.0008738819760164633,-0.5
2016-11-01,LINREG,OILPRICEX,-0.01311171036379165,-0.5
2016-11-01,LINREG,RPI,0.00293465007252806,-0.5
2016-11-01,LINREG,SP500,0.09987240181166089,-0.5
2016-11-01,LINREG,TB3MS,0.024529882849538238,-0.5
2016-11-01,LINREG,UNRATE_lag12,-0.2460050347953356,-0.5
2016-11-01,LINREG,USREC,0.024745972268809653,-0.5
2016-12-01,LINREG,BUSLOANS,0.006480945278712606,-0.6
2016-12-01,LINREG,CPIAUCSL,0.007902745601728928,-0.6
2016-12-01,LINREG,DPCERA3M086SBEA,-0.030940420680157486,-0.6
2016-12-01,LINREG,INDPRO,-5.592868860683254e-05,-0.6
2016-12-01,LINREG,M2SL,0.0014587992072609601,-0.6
2016-12-01,LINREG,OILPRICEX,-0.043273410256528165,-0.6
2016-12-01,LINREG,RPI,0.004642936129543407,-0.6
2016-12-01,LINREG,SP500,-0.07993120007887372,-0.6
2016-12-01,LINREG,TB3MS,0.034609190890729,-0.6
2016-12-01,LINREG,UNRATE_lag12,-0.20701325970055767,-0.6
2016-12-01,LINREG,USREC,0.0246376997203655,-0.6
2017-01-01,LINREG,BUSLOANS,0.028623416006819665,-0.7
2017-01-01,LINREG,CPIAUCSL,0.0034322460492124574,-0.7
2017-01-01,LINREG,DPCERA3M086SBEA,-0.05048246119673214,-0.7
2017-01-01,LINREG,INDPRO,0.018704622287530382,-0.7
2017-01-01,LINREG,M2SL,0.00429934884975572,-0.7
2017-01-01,LINREG,OILPRICEX,0.010281752595124007,-0.7
2017-01-01,LINREG,RPI,0.00845043687626758,-0.7
2017-01-01,LINREG,SP500,-0.1556905993031138,-0.7
2017-01-01,LINREG,TB3MS,0.028648525382400952,-0.7
2017-01-01,LINREG,UNRATE_lag12,-0.32330735744737676,-0.7
2017-01-01,LINREG,USREC,0.02449492082577486,-0.7
2017-02-01,LINREG,BUSLOANS,0.03846290499716068,-0.5
2017-02-01,LINREG,CPIAUCSL,0.007535226128446869,-0.5
2017-02-01,LINREG,DPCERA3M086SBEA,-0.029231321376155868,-0.5
2017-02-01,LINREG,INDPRO,0.017569567107544055,-0.5
2017-02-01,LINREG,M2SL,0.003584740530504236,-0.5
2017-02-01,LINREG,OILPRICEX,-0.02748060150945564,-0.5
2017-02-01,LINREG,RPI,0.009261490794542684,-0.5
2017-02-01,LINREG,SP500,-0.20867803759524992,-0.5
2017-02-01,LINREG,TB3MS,0.012669203732286551,-0.5
2017-02-01,LINREG,UNRATE_lag12,-0.20641836499610144,-0.5
2017-02-01,LINREG,USREC,0.02443124828362299,-0.5
2017-03-01,LINREG,BUSLOANS,0.02706219203475843,-0.4
2017-03-01,LINREG,CPIAUCSL,-0.0034285899428446787,-0.4
2017-03-01,LINREG,DPCERA3M086SBEA,0.018410151897406257,-0.4
2017-03-01,LINREG,INDPRO,0.019043072568247593,-0.4
2017-03-01,LINREG,M2SL,-0.0013008161477570418,-0.4
2017-03-01,LINREG,OILPRICEX,0.03665962417156403,-0.4
2017-03-01,LINREG,RPI,0.011374094633572933,-0.4
2017-03-01,LINREG,SP500,-0.09070037279723893,-0.4
2017-03-01,LINREG,TB3MS,0.03566545514209139,-0.4
2017-03-01,LINREG,UNRATE_lag12,-0.12854884235822275,-0.4
2017-03-01,LINREG,USREC,0.024379764973644875,-0.4
2017-04-01,LINREG,BUSLOANS,0.009345509128156593,-0.4
2017-04-01,LINREG,CPIAUCSL,-0.020739663344430212,-0.4
2017-04-01,LINREG,DPCERA3M086SBEA,0.023197774229122458,-0.4
2017-04-01,LINREG,INDPRO,-0.06672723515672646,-0.4
2017-04-01,LINREG,M2SL,0.0017197871678800414,-0.4
2017-04-01,LINREG,OILPRICEX,0.015102374606756726,-0.4
2017-04-01,LINREG,RPI,0.007845950421677272,-0.4
2017-04-01,LINREG,SP500,-0.06351470444039038,-0.4
2017-04-01,LINREG,TB3MS,0.04418445543873963,-0.4
2017-04-01,LINREG,UNRATE_lag12,-0.08948128146971496,-0.4
2017-04-01,LINREG,USREC,0.024306333836254714,-0.4
2017-05-01,LINREG,BUSLOANS,0.0039092846644641155,-0.6
2017-05-01,LINREG,CPIAUCSL,-0.03281058639028046,-0.6
2017-05-01,LINREG,DPCERA3M086SBEA,0.02122265924510705,-0.6
2017-05-01,LINREG,INDPRO,-0.10272293883237976,-0.6
2017-05-01,LINREG,M2SL,0.002834254356168426,-0.6
2017-05-01,LINREG,OILPRICEX,0.04832354143454567,-0.6
2017-05-01,LINREG,RPI,0.017849477216602495,-0.6
2017-05-01,LINREG,SP500,-0.029661603938714674,-0.6
2017-05-01,LINREG,TB3MS,0.05544632998461441,-0.6
2017-05-01,LINREG,UNRATE_lag12,-0.28355066719147665,-0.6
2017-05-01,LINREG,USREC,0.024105524859481205,-0.6
2017-06-01,LINREG,BUSLOANS,-0.021144746348946017,-0.3
2017-06-01,LINREG,CPIAUCSL,-0.016413539525760714,-0.3
2017-06-01,LINREG,DPCERA3M086SBEA,0.043741143355012176,-0.3
2017-06-01,LINREG,INDPRO,-0.07199950365868556,-0.3
2017-06-01,LINREG,M2SL,0.011120121198958095,-0.3
2017-06-01,LINREG,OILPRICEX,0.0061637843909809,-0.3
2017-06-01,LINREG,RPI,0.009971250571784605,-0.3
2017-06-01,LINREG,SP500,-0.06538699824139638,-0.3
2017-06-01,LINREG,TB3MS,0.03672204370662974,-0.3
2017-06-01,LINREG,UNRATE_lag12,-0.12768935458660519,-0.3
2017-06-01,LINREG,USREC,0.024034507869414273,-0.3
2017-07-01,LINREG,BUSLOANS,-0.018502711882253834,-0.5
2017-07-01,LINREG,CPIAUCSL,-0.008802483669887883,-0.5
2017-07-01,LINREG,DPCERA3M086SBEA,0.0037679674233576828,-0.5
2017-07-01,LINREG,INDPRO,0.013257940976418418,-0.5
2017-07-01,LINREG,M2SL,0.0078722714984457,-0.5
2017-07-01,LINREG,OILPRICEX,0.011340439265757007,-0.5
2017-07-01,LINREG,RPI,0.01439252067618406,-0.5
2017-07-01,LINREG,SP500,-0.07533259902007054,-0.5
2017-07-01,LINREG,TB3MS,0.040912695615699796,-0.5
2017-07-01,LINREG,UNRATE_lag12,-0.12760841160574074,-0.5
2017-07-01,LINREG,USREC,0.023946506883261397,-0.5
2017-08-01,LINREG,BUSLOANS,-0.018910848579438217,-0.6
2017-08-01,LINREG,CPIAUCSL,0.019292644566339282,-0.6
2017-08-01,LINREG,DPCERA3M086SBEA,0.013117291740091366,-0.6
2017-08-01,LINREG,INDPRO,0.04858076296792778,-0.6
2017-08-01,LINREG,M2SL,0.004565370372325607,-0.6
2017-08-01,LINREG,OILPRICEX,-0.01771491540490322,-0.6
2017-08-01,LINREG,RPI,0.0011857105000519306,-0.6
2017-08-01,LINREG,SP500,-0.019198370438461138,-0.6
2017-08-01,LINREG,TB3MS,0.019381045426651585,-0.6
2017-08-01,LINREG,UNRATE_lag12,-0.04972455931611403,-0.6
2017-08-01,LINREG,USREC,0.023897313648989997,-0.6
2017-09-01,LINREG,BUSLOANS,-0.01800203944658039,-0.6
2017-09-01,LINREG,CPIAUCSL,0.0312939262953298,-0.6
2017-09-01,LINREG,DPCERA3M086SBEA,-0.02824841364391791,-0.6
2017-09-01,LINREG,INDPRO,0.05459273432359264,-0.6
2017-09-01,LINREG,M2SL,-0.004914640675918171,-0.6
2017-09-01,LINREG,OILPRICEX,-0.03646123233327709,-0.6
2017-09-01,LINREG,RPI,0.006072310826381273,-0.6
2017-09-01,LINREG,SP500,-0.014440426421194395,-0.6
2017-09-01,LINREG,TB3MS,0.009331150137224596,-0.6
2017-09-01,LINREG,UNRATE_lag12,0.028400643275473363,-0.6
2017-09-01,LINREG,USREC,0.023883408761182515,-0.6
2017-10-01,LINREG,BUSLOANS,-0.023486298727501666,-0.4
2017-10-01,LINREG,CPIAUCSL,0.036129402451995876,-0.4
2017-10-01,LINREG,DPCERA3M086SBEA,0.00045003223663692485,-0.4
2017-10-01,LINREG,INDPRO,-0.04183328933335951,-0.4
2017-10-01,LINREG,M2SL,-0.005100297858836717,-0.4
2017-10-01,LINREG,OILPRICEX,-0.03763416430187837,-0.4
2017-10-01,LINREG,RPI,0.007799773450912049,-0.4
2017-10-01,LINREG,SP500,-0.08179845886518583,-0.4
2017-10-01,LINREG,TB3MS,0.0021557742280791767,-0.4
2017-10-01,LINREG,UNRATE_lag12,-0.010692869116962631,-0.4
2017-10-01,LINREG,USREC,0.023827534760765153,-0.4
2017-11-01,LINREG,BUSLOANS,-0.007446312867144182,-0.4
2017-11-01,LINREG,CPIAUCSL,0.014043765626857838,-0.4
2017-11-01,LINREG,DPCERA3M086SBEA,-0.09732488910698296,-0.4
2017-11-01,LINREG,INDPRO,-0.08484416973695126,-0.4
2017-11-01,LINREG,M2SL,-0.00026695504204582183,-0.4
2017-11-01,LINREG,OILPRICEX,-0.03412132412248875,-0.4
2017-11-01,LINREG,RPI,0.009760632718462756,-0.4
2017-11-01,LINREG,SP500,-0.13403212475806614,-0.4
2017-11-01,LINREG,TB3MS,0.033680823327717116,-0.4
2017-11-01,LINREG,UNRATE_lag12,-0.12788048757829074,-0.4
2017-11-01,LINREG,USREC,0.02378377731583721,-0.4
2017-12-01,LINREG,BUSLOANS,0.025161713156719452,-0.2
2017-12-01,LINREG,CPIAUCSL,-0.014034929844787741,-0.2
2017-12-01,LINREG,DPCERA3M086SBEA,-0.13935244954890075,-0.2
2017-12-01,LINREG,INDPRO,-0.09046857568459075,-0.2
2017-12-01,LINREG,M2SL,0.002098412069868695,-0.2
2017-12-01,LINREG,OILPRICEX,-0.010539994068448945,-0.2
2017-12-01,LINREG,RPI,0.007908264215091198,-0.2
2017-12-01,LINREG,SP500,-0.1811643692974486,-0.2
2017-12-01,LINREG,TB3MS,0.043778371756817154,-0.2
2017-12-01,LINREG,UNRATE_lag12,-0.08863749724568969,-0.2
2017-12-01,LINREG,USREC,0.023765377346669496,-0.2
2018-01-01,LINREG,BUSLOANS,0.037321584160173164,0.0
2018-01-01,LINREG,CPIAUCSL,-0.002672821322600973,0.0
2018-01-01,LINREG,DPCERA3M086SBEA,-0.10264865981628783,0.0
2018-01-01,LINREG,INDPRO,-0.009958153401270662,0.0
2018-01-01,LINREG,M2SL,0.009660995614868472,0.0
2018-01-01,LINREG,OILPRICEX,-0.02145451467099744,0.0
2018-01-01,LINREG,RPI,-6.95918766803506e-05,0.0
2018-01-01,LINREG,SP500,-0.2610916619531739,0.0
2018-01-01,LINREG,TB3MS,0.05120024769582257,0.0
2018-01-01,LINREG,UNRATE_lag12,-0.010304918555910224,0.0
2018-01-01,LINREG,USREC,0.02368027869097141,0.0
2018-02-01,LINREG,BUSLOANS,0.015615413825294354,-0.3
2018-02-01,LINREG,CPIAUCSL,0.0017538394267838662,-0.3
2018-02-01,LINREG,DPCERA3M086SBEA,-0.011145922721709917,-0.3
2018-02-01,LINREG,INDPRO,-0.010163069701481968,-0.3
2018-02-01,LINREG,M2SL,0.0051983846846918895,-0.3
2018-02-01,LINREG,OILPRICEX,0.012902927040815719,-0.3
2018-02-01,LINREG,RPI,-0.002906670963951546,-0.3
2018-02-01,LINREG,SP500,-0.08462986221619273,-0.3
2018-02-01,LINREG,TB3MS,0.05105959052711312,-0.3
2018-02-01,LINREG,UNRATE_lag12,-0.08844332394320305,-0.3
2018-02-01,LINREG,USREC,0.02362739961282208,-0.3
2018-03-01,LINREG,BUSLOANS,-0.012988890869649208,-0.2
2018-03-01,LINREG,CPIAUCSL,0.005706541627436244,-0.2
2018-03-01,LINREG,DPCERA3M086SBEA,0.07747239828533087,-0.2
2018-03-01,LINREG,INDPRO,-0.029495542676847477,-0.2
2018-03-01,LINREG,M2SL,0.006931494040138894,-0.2
2018-03-01,LINREG,OILPRICEX,0.012625547110843271,-0.2
2018-03-01,LINREG,RPI,-0.0013848161219486498,-0.2
2018-03-01,LINREG,SP500,0.024251013931121567,-0.2
2018-03-01,LINREG,TB3MS,0.05671279463070129,-0.2
2018-03-01,LINREG,UNRATE_lag12,-0.2056200046072289,-0.2
2018-03-01,LINREG,USREC,0.02354130655083052,-0.2
2018-04-01,LINREG,BUSLOANS,-0.05534391501715328,-0.3
2018-04-01,LINREG,CPIAUCSL,-0.013416361878467998,-0.3
2018-04-01,LINREG,DPCERA3M086SBEA,0.04203720767451695,-0.3
2018-04-01,LINREG,INDPRO,-0.1026552182951039,-0.3
2018-04-01,LINREG,M2SL,-0.0014591812591501008,-0.3
2018-04-01,LINREG,OILPRICEX,0.03166063452889655,-0.3
2018-04-01,LINREG,RPI,-0.0014795199542504845,-0.3
2018-04-01,LINREG,SP500,0.2756334238077187,-0.3
2018-04-01,LINREG,TB3MS,0.05235611946000595,-0.3
2018-04-01,LINREG,UNRATE_lag12,-0.24444171702946776,-0.3
2018-04-01,LINREG,USREC,0.02333951320248438,-0.3
2018-05-01,LINREG,BUSLOANS,-0.05076039529794693,-0.2
2018-05-01,LINREG,CPIAUCSL,-0.015237601304067977,-0.2
2018-05-01,LINREG,DPCERA3M086SBEA,-0.005650737932912636,-0.2
2018-05-01,LINREG,INDPRO,-0.026322611271089282,-0.2
2018-05-01,LINREG,M2SL,-0.0037155745915792887,-0.2
2018-05-01,LINREG,OILPRICEX,-0.004924972376741193,-0.2
2018-05-01,LINREG,RPI,0.0018306320460347008,-0.2
2018-05-01,LINREG,SP500,0.08505725425140889,-0.2
2018-05-01,LINREG,TB3MS,0.04360201142664993,-0.2
2018-05-01,LINREG,UNRATE_lag12,-0.12677055191590353,-0.2
2018-05-01,LINREG,USREC,0.02327320803748846,-0.2
2018-06-01,LINREG,BUSLOANS,-0.04561049452951739,-0.4
2018-06-01,LINREG,CPIAUCSL,-0.0053152779637149995,-0.4
2018-06-01,LINREG,DPCERA3M086SBEA,0.02910006897974075,-0.4
2018-06-01,LINREG,INDPRO,-0.04531083253107326,-0.4
2018-06-01,LINREG,M2SL,-0.004513310923847372,-0.4
2018-06-01,LINREG,OILPRICEX,-0.0002315875207801549,-0.4
2018-06-01,LINREG,RPI,0.005602354516234832,-0.4
2018-06-01,LINREG,SP500,0.00579415145370541,-0.4
2018-06-01,LINREG,TB3MS,0.03055488971803069,-0.4
2018-06-01,LINREG,UNRATE_lag12,-0.20482667176870004,-0.4
2018-06-01,LINREG,USREC,0.023160995266110963,-0.4
2018-07-01,LINREG,BUSLOANS,0.02144245615782004,-0.1
2018-07-01,LINREG,CPIAUCSL,-0.005984315857016937,-0.1
2018-07-01,LINREG,DPCERA3M086SBEA,0.007014783449548372,-0.1
2018-07-01,LINREG,INDPRO,0.016955019663308,-0.1
2018-07-01,LINREG,M2SL,-0.0055606180926394055,-0.1
2018-07-01,LINREG,OILPRICEX,-0.006146581660457428,-0.1
2018-07-01,LINREG,RPI,0.01569900785988443,-0.1
2018-07-01,LINREG,SP500,-0.12125892969254412,-0.1
2018-07-01,LINREG,TB3MS,0.030524941095393533,-0.1
2018-07-01,LINREG,UNRATE_lag12,-0.16534375598131953,-0.1
2018-07-01,LINREG,USREC,0.023119012271484763,-0.1
2018-08-01,LINREG,BUSLOANS,0.026349954078029977,-0.2
2018-08-01,LINREG,CPIAUCSL,-0.006121490153400808,-0.2
2018-08-01,LINREG,DPCERA3M086SBEA,0.024479129018058095,-0.2
2018-08-01,LINREG,INDPRO,-0.08631358050330394,-0.2
2018-08-01,LINREG,M2SL,-0.0018984642865122,-0.2
2018-08-01,LINREG,OILPRICEX,0.026823256875639027,-0.2
2018-08-01,LINREG,RPI,0.018615823899848106,-0.2
2018-08-01,LINREG,SP500,-0.139975554783861,-0.2
2018-08-01,LINREG,TB3MS,0.026147232617057876,-0.2
2018-08-01,LINREG,UNRATE_lag12,-0.1650722595979687,-0.2
2018-08-01,LINREG,USREC,0.023077803278062047,-0.2
2018-09-01,LINREG,BUSLOANS,0.03292912970181648,-0.2
2018-09-01,LINREG,CPIAUCSL,-0.004395655098519806,-0.2
2018-09-01,LINREG,DPCERA3M086SBEA,0.07400441889966662,-0.2
2018-09-01,LINREG,INDPRO,-0.039009567561713816,-0.2
2018-09-01,LINREG,M2SL,0.0020560853268080295,-0.2
2018-09-01,LINREG,OILPRICEX,0.007816090862729365,-0.2
2018-09-01,LINREG,RPI,0.005988741034115948,-0.2
2018-09-01,LINREG,SP500,-0.12336076585425199,-0.2
2018-09-01,LINREG,TB3MS,0.034752125733719115,-0.2
2018-09-01,LINREG,UNRATE_lag12,-0.24299208553629123,-0.2
2018-09-01,LINREG,USREC,0.02302211204711502,-0.2
2018-10-01,LINREG,BUSLOANS,-0.006956689984400993,-0.2
2018-10-01,LINREG,CPIAUCSL,0.008538558929230215,-0.2
2018-10-01,LINREG,DPCERA3M086SBEA,0.05934713734241342,-0.2
2018-10-01,LINREG,INDPRO,-0.020826710464853224,-0.2
2018-10-01,LINREG,M2SL,0.0073428907338100174,-0.2
2018-10-01,LINREG,OILPRICEX,0.012928195601541079,-0.2
2018-10-01,LINREG,RPI,-0.003172140197162475,-0.2
2018-10-01,LINREG,SP500,0.09176384980771485,-0.2
2018-10-01,LINREG,TB3MS,0.04334612708038062,-0.2
2018-10-01,LINREG,UNRATE_lag12,-0.24276401876034456,-0.2
2018-10-01,LINREG,USREC,0.02292372463771945,-0.2
2018-11-01,LINREG,BUSLOANS,-0.024543192816029683,-0.2
2018-11-01,LINREG,CPIAUCSL,0.0008045526087752425,-0.2
2018-11-01,LINREG,DPCERA3M086SBEA,0.001314206722349832,-0.2
2018-11-01,LINREG,INDPRO,0.01676273452028708,-0.2
2018-11-01,LINREG,M2SL,0.010187222472487245,-0.2
2018-11-01,LINREG,OILPRICEX,0.027108854613749057,-0.2
2018-11-01,LINREG,RPI,-0.007365517085911527,-0.2
2018-11-01,LINREG,SP500,0.26808511157279824,-0.2
2018-11-01,LINREG,TB3MS,0.04471194705106672,-0.2
2018-11-01,LINREG,UNRATE_lag12,-0.16446083255521285,-0.2
2018-11-01,LINREG,USREC,0.022821867014597933,-0.2
2018-12-01,LINREG,BUSLOANS,-0.03934249670793776,-0.3
2018-12-01,LINREG,CPIAUCSL,-0.008660766270035283,-0.3
2018-12-01,LINREG,DPCERA3M086SBEA,0.12259133760816815,-0.3
2018-12-01,LINREG,INDPRO,0.019000319968802463,-0.3
2018-12-01,LINREG,M2SL,-0.0043835636928040295,-0.3
2018-12-01,LINREG,OILPRICEX,0.06549731124063471,-0.3
2018-12-01,LINREG,RPI,0.025264935108259633,-0.3
2018-12-01,LINREG,SP500,0.5505303898669962,-0.3
2018-12-01,LINREG,TB3MS,0.03610787054606753,-0.3
2018-12-01,LINREG,UNRATE_lag12,-0.2045543699736827,-0.3
2018-12-01,LINREG,USREC,0.022626846264308408,-0.3
2019-01-01,LINREG,BUSLOANS,-0.025350096828943555,-0.4
2019-01-01,LINREG,CPIAUCSL,-0.026926172574578258,-0.4
2019-01-01,LINREG,DPCERA3M086SBEA,0.12149257504310222,-0.4
2019-01-01,LINREG,INDPRO,0.05379406426053016,-0.4
2019-01-01,LINREG,M2SL,-0.014427476986358859,-0.4
2019-01-01,LINREG,OILPRICEX,0.05220949160560899,-0.4
2019-01-01,LINREG,RPI,0.029104965421400054,-0.4
2019-01-01,LINREG,SP500,0.33072221597194146,-0.4
2019-01-01,LINREG,TB3MS,0.01866798304874028,-0.4
2019-01-01,LINREG,UNRATE_lag12,-0.24479157130372975,-0.4
2019-01-01,LINREG,USREC,0.022458135458641424,-0.4
2019-02-01,LINREG,BUSLOANS,0.009333019179482397,-0.3
2019-02-01,LINREG,CPIAUCSL,-0.0031875542341394804,-0.3
2019-02-01,LINREG,DPCERA3M086SBEA,0.20299035631088713,-0.3
2019-02-01,LINREG,INDPRO,0.09207308376166129,-0.3
2019-02-01,LINREG,M2SL,-0.02200204181863483,-0.3
2019-02-01,LINREG,OILPRICEX,-0.025195551626559485,-0.3
2019-02-01,LINREG,RPI,0.02627805481669106,-0.3
2019-02-01,LINREG,SP500,0.03282585346386248,-0.3
2019-02-01,LINREG,TB3MS,0.009941016470672347,-0.3
2019-02-01,LINREG,UNRATE_lag12,-0.1656839028974039,-0.3
2019-02-01,LINREG,USREC,0.022424375291032347,-0.3
2019-03-01,LINREG,BUSLOANS,0.04747112247266742,0.6
2019-03-01,LINREG,CPIAUCSL,0.0137596357419007,0.6
2019-03-01,LINREG,DPCERA3M086SBEA,-0.0668394889741679,0.6
2019-03-01,LINREG,INDPRO,0.09453527380266169,0.6
2019-03-01,LINREG,M2SL,0.0014777459394455627,0.6
2019-03-01,LINREG,OILPRICEX,-0.07884630951408089,0.6
2019-03-01,LINREG,RPI,0.005573527705650196,0.6
2019-03-01,LINREG,SP500,-0.2601294994487797,0.6
2019-03-01,LINREG,TB3MS,0.0056504416215242236,0.6
2019-03-01,LINREG,UNRATE_lag12,-0.12517351459458234,0.6
2019-03-01,LINREG,USREC,0.022330058916049052,0.6
2019-04-01,LINREG,BUSLOANS,0.13522782447934542,11.1
2019-04-01,LINREG,CPIAUCSL,0.07830337688719144,11.1
2019-04-01,LINREG,DPCERA3M086SBEA,-0.01830973349575512,11.1
2019-04-01,LINREG,INDPRO,0.12116064910704541,11.1
2019-04-01,LINREG,M2SL,0.021007934836502117,11.1
2019-04-01,LINREG,OILPRICEX,-0.00037970400650245815,11.1
2019-04-01,LINREG,RPI,-0.006445528148534351,11.1
2019-04-01,LINREG,SP500,-0.3124443853120271,11.1
2019-04-01,LINREG,TB3MS,0.0028876101042348925,11.1
2019-04-01,LINREG,UNRATE_lag12,-0.11871566324667156,11.1
2019-04-01,LINREG,USREC,0.021142289708826027,11.1
2019-05-01,LINREG,BUSLOANS,0.1411315538981967,9.6
2019-05-01,LINREG,CPIAUCSL,0.0416391499119338,9.6
2019-05-01,LINREG,DPCERA3M086SBEA,-0.06356691229783339,9.6
2019-05-01,LINREG,INDPRO,0.07104961377648884,9.6
2019-05-01,LINREG,M2SL,0.013196418511226706,9.6
2019-05-01,LINREG,OILPRICEX,0.0008630018155260328,9.6
2019-05-01,LINREG,RPI,-0.005404460001263541,9.6
2019-05-01,LINREG,SP500,-0.05508554606412214,9.6
2019-05-01,LINREG,TB3MS,-0.004866861635950887,9.6
2019-05-01,LINREG,UNRATE_lag12,-0.1852200299941202,9.6
2019-05-01,LINREG,USREC,0.02158944619455518,9.6
2019-06-01,LINREG,BUSLOANS,0.09249898359687696,7.4
2019-06-01,LINREG,CPIAUCSL,-0.021204256173751025,7.4
2019-06-01,LINREG,DPCERA3M086SBEA,-0.009623118496758443,7.4
2019-06-01,LINREG,INDPRO,0.07416222580848429,7.4
2019-06-01,LINREG,M2SL,-0.017708868868694,7.4
2019-06-01,LINREG,OILPRICEX,0.013935908203902229,7.4
2019-06-01,LINREG,RPI,0.0013433073737703666,7.4
2019-06-01,LINREG,SP500,-0.035735677639882606,7.4
2019-06-01,LINREG,TB3MS,-0.034969179147632846,7.4
2019-06-01,LINREG,UNRATE_lag12,-0.07412832623550608,7.4
2019-06-01,LINREG,USREC,0.021452758271071546,7.4
2019-07-01,LINREG,BUSLOANS,-0.028239105957086015,6.5
2019-07-01,LINREG,CPIAUCSL,-0.06910286754578113,6.5
2019-07-01,LINREG,DPCERA3M086SBEA,-0.06907341243384403,6.5
2019-07-01,LINREG,INDPRO,0.06636672131060892,6.5
2019-07-01,LINREG,M2SL,-0.011076940817137733,6.5
2019-07-01,LINREG,OILPRICEX,0.04035610775057192,6.5
2019-07-01,LINREG,RPI,0.009439290393004953,6.5
2019-07-01,LINREG,SP500,-0.03935822090748563,6.5
2019-07-01,LINREG,TB3MS,-0.04328908502812256,6.5
2019-07-01,LINREG,UNRATE_lag12,-0.13879150720701675,6.5
2019-07-01,LINREG,USREC,0.022415776235719876,6.5
2019-08-01,LINREG,BUSLOANS,-0.06341344218321364,4.8
2019-08-01,LINREG,CPIAUCSL,-0.03919594526771629,4.8
2019-08-01,LINREG,DPCERA3M086SBEA,-0.06617978597936859,4.8
2019-08-01,LINREG,INDPRO,0.0035928778061649663,4.8
2019-08-01,LINREG,M2SL,-0.0023067824796677754,4.8
2019-08-01,LINREG,OILPRICEX,0.031162941560444215,4.8
2019-08-01,LINREG,RPI,0.0004026524069239716,4.8
2019-08-01,LINREG,SP500,0.020120974495237864,4.8
2019-08-01,LINREG,TB3MS,-0.05993920118491956,4.8
2019-08-01,LINREG,UNRATE_lag12,-0.1689716799046682,4.8
2019-08-01,LINREG,USREC,0.023554414651043784,4.8
2019-09-01,LINREG,BUSLOANS,-0.06318883121894103,4.3
2019-09-01,LINREG,CPIAUCSL,0.00870948281165021,4.3
2019-09-01,LINREG,DPCERA3M086SBEA,-0.04272241034377559,4.3
2019-09-01,LINREG,INDPRO,0.04914036006897155,4.3
2019-09-01,LINREG,M2SL,-0.00033526072823400027,4.3
2019-09-01,LINREG,OILPRICEX,-0.01478697694821916,4.3
2019-09-01,LINREG,RPI,-0.000381088807958773,4.3
2019-09-01,LINREG,SP500,-0.03983812500934813,4.3
2019-09-01,LINREG,TB3MS,-0.039825496872313716,4.3
2019-09-01,LINREG,UNRATE_lag12,-0.16552740914579125,4.3
2019-09-01,LINREG,USREC,0.024397312514384137,4.3
2019-10-01,LINREG,BUSLOANS,-0.015966579458070736,3.3
2019-10-01,LINREG,CPIAUCSL,0.026325991226163133,3.3
2019-10-01,LINREG,DPCERA3M086SBEA,0.011667430792086835,3.3
2019-10-01,LINREG,INDPRO,0.09572015861026169,3.3
2019-10-01,LINREG,M2SL,-0.0003399771107300236,3.3
2019-10-01,LINREG,OILPRICEX,-0.006934036180782934,3.3
2019-10-01,LINREG,RPI,-0.0067946658052130795,3.3
2019-10-01,LINREG,SP500,0.0981006101469877,3.3
2019-10-01,LINREG,TB3MS,-0.06199603709331178,3.3
2019-10-01,LINREG,UNRATE_lag12,-0.09857598831945322,3.3
2019-10-01,LINREG,USREC,0.024571175238830702,3.3
2019-11-01,LINREG,BUSLOANS,0.05555668247944999,3.1
2019-11-01,LINREG,CPIAUCSL,0.040004499184909455,3.1
2019-11-01,LINREG,DPCERA3M086SBEA,-0.006421936625781577,3.1
2019-11-01,LINREG,INDPRO,0.12222284124873946,3.1
2019-11-01,LINREG,M2SL,-0.0009464333948072697,3.1
2019-11-01,LINREG,OILPRICEX,-0.019206573440526353,3.1
2019-11-01,LINREG,RPI,-0.0037527986605828895,3.1
2019-11-01,LINREG,SP500,-0.17796633382755475,3.1
2019-11-01,LINREG,TB3MS,-0.05511777514716806,3.1
2019-11-01,LINREG,UNRATE_lag12,-0.09677119300481532,3.1
2019-11-01,LINREG,USREC,0.024563594960602505,3.1
2019-12-01,LINREG,BUSLOANS,0.10396444703532605,3.1
2019-12-01,LINREG,CPIAUCSL,0.038359257113337326,3.1
2019-12-01,LINREG,DPCERA3M086SBEA,-0.006343068271526114,3.1
2019-12-01,LINREG,INDPRO,0.11089360624255014,3.1
2019-12-01,LINREG,M2SL,0.00024086249143576933,3.1
2019-12-01,LINREG,OILPRICEX,-0.0017660693260193947,3.1
2019-12-01,LINREG,RPI,0.015520152858262767,3.1
2019-12-01,LINREG,SP500,-0.15469789087423036,3.1
2019-12-01,LINREG,TB3MS,-0.046393472985154775,3.1
2019-12-01,LINREG,UNRATE_lag12,-0.03393346985692534,3.1
2019-12-01,LINREG,USREC,0.024289590114046678,3.1
2020-01-01,LINREG,BUSLOANS,0.10180385231592398,2.8
2020-01-01,LINREG,CPIAUCSL,0.02446928791525367,2.8
2020-01-01,LINREG,DPCERA3M086SBEA,-0.05756090490971266,2.8
2020-01-01,LINREG,INDPRO,0.08888799241499154,2.8
2020-01-01,LINREG,M2SL,0.0015472420485195331,2.8
2020-01-01,LINREG,OILPRICEX,-0.017477873011036673,2.8
2020-01-01,LINREG,RPI,-0.008062552991061712,2.8
2020-01-01,LINREG,SP500,-0.2695879951783014,2.8
2020-01-01,LINREG,TB3MS,-0.01628462053380404,2.8
2020-01-01,LINREG,UNRATE_lag12,0.02676489315717384,2.8
2020-01-01,LINREG,USREC,0.023861911581255193,2.8
2020-02-01,LINREG,BUSLOANS,0.05890864623096498,2.7
2020-02-01,LINREG,CPIAUCSL,-0.019769093354897432,2.7
2020-02-01,LINREG,DPCERA3M086SBEA,0.04467762748455366,2.7
2020-02-01,LINREG,INDPRO,0.11457534127139454,2.7
2020-02-01,LINREG,M2SL,0.01261549195537923,2.7
2020-02-01,LINREG,OILPRICEX,0.024298935445983154,2.7
2020-02-01,LINREG,RPI,-0.009380824426345349,2.7
2020-02-01,LINREG,SP500,-0.11818354321504022,2.7
2020-02-01,LINREG,TB3MS,-0.0011787384258657688,2.7
2020-02-01,LINREG,UNRATE_lag12,-0.06264553629928739,2.7
2020-02-01,LINREG,USREC,0.023726929033180064,2.7
2020-03-01,LINREG,BUSLOANS,-0.2191033429213908,1.7
2020-03-01,LINREG,CPIAUCSL,-0.1112728704483435,1.7
2020-03-01,LINREG,DPCERA3M086SBEA,0.23440447149887744,1.7
2020-03-01,LINREG,INDPRO,0.6355700669826728,1.7
2020-03-01,LINREG,M2SL,-0.030559256430544465,1.7
2020-03-01,LINREG,OILPRICEX,0.10785191444071893,1.7
2020-03-01,LINREG,RPI,0.014739307615026367,1.7
2020-03-01,LINREG,SP500,0.7085254284279255,1.7
2020-03-01,LINREG,TB3MS,-0.16959578568694958,1.7
2020-03-01,LINREG,UNRATE_lag12,-0.03303823899603205,1.7
2020-03-01,LINREG,USREC,-0.2906218799916056,1.7
2020-04-01,LINREG,BUSLOANS,-0.33875677438401414,-8.7
2020-04-01,LINREG,CPIAUCSL,-0.23879485117718047,-8.7
2020-04-01,LINREG,DPCERA3M086SBEA,0.1378215673995943,-8.7
2020-04-01,LINREG,INDPRO,0.4936792721577062,-8.7
2020-04-01,LINREG,M2SL,-0.045753780530330565,-8.7
2020-04-01,LINREG,OILPRICEX,0.02413424104562902,-8.7
2020-04-01,LINREG,RPI,-0.37834525483490933,-8.7
2020-04-01,LINREG,SP500,0.5956249623371018,-8.7
2020-04-01,LINREG,TB3MS,-0.21141676629530878,-8.7
2020-04-01,LINREG,UNRATE_lag12,-0.06355016730590578,-8.7
2020-04-01,LINREG,USREC,-0.29268036171258227,-8.7
2020-05-01,LINREG,BUSLOANS,-0.44260755731332374,-7.4
2020-05-01,LINREG,CPIAUCSL,-0.26254856683734695,-7.4
2020-05-01,LINREG,DPCERA3M086SBEA,0.047105040621799495,-7.4
2020-05-01,LINREG,INDPRO,0.20468337988329013,-7.4
2020-05-01,LINREG,M2SL,-0.05180205108280559,-7.4
2020-05-01,LINREG,OILPRICEX,0.018930695114205035,-7.4
2020-05-01,LINREG,RPI,-0.6122181892159615,-7.4
2020-05-01,LINREG,SP500,0.3834244688192738,-7.4
2020-05-01,LINREG,TB3MS,-0.2410058637847137,-7.4
2020-05-01,LINREG,UNRATE_lag12,-0.038994317949686934,-7.4
2020-05-01,LINREG,USREC,0.02584384887634004,-7.4
2020-06-01,LINREG,BUSLOANS,-0.5437919926046636,-5.1
2020-06-01,LINREG,CPIAUCSL,-0.025408156473194353,-5.1
2020-06-01,LINREG,DPCERA3M086SBEA,-0.03532182360316642,-5.1
2020-06-01,LINREG,INDPRO,0.033339881411103583,-5.1
2020-06-01,LINREG,M2SL,-0.12315739515623739,-5.1
2020-06-01,LINREG,OILPRICEX,-0.13523417738911608,-5.1
2020-06-01,LINREG,RPI,-0.7168455952099332,-5.1
2020-06-01,LINREG,SP500,-0.4051363564283852,-5.1
2020-06-01,LINREG,TB3MS,-0.018557060246624207,-5.1
2020-06-01,LINREG,UNRATE_lag12,-0.11261455860178769,-5.1
2020-06-01,LINREG,USREC,0.026220041978803402,-5.1
2020-07-01,LINREG,BUSLOANS,0.4893400182997867,-4.8
2020-07-01,LINREG,CPIAUCSL,0.2406407039592909,-4.8
2020-07-01,LINREG,DPCERA3M086SBEA,-0.1644140859152896,-4.8
2020-07-01,LINREG,INDPRO,-0.08054894411084629,-4.8
2020-07-01,LINREG,M2SL,0.08926647630476892,-4.8
2020-07-01,LINREG,OILPRICEX,-0.191041391082808,-4.8
2020-07-01,LINREG,RPI,0.5591134542766308,-4.8
2020-07-01,LINREG,SP500,-0.3963923908385171,-4.8
2020-07-01,LINREG,TB3MS,0.0011403642087441752,-4.8
2020-07-01,LINREG,UNRATE_lag12,-0.003483269267693683,-4.8
2020-07-01,LINREG,USREC,0.02555067363123343,-4.8
2020-08-01,LINREG,BUSLOANS,0.48973354817284487,-3.3
2020-08-01,LINREG,CPIAUCSL,0.23737360936964708,-3.3
2020-08-01,LINREG,DPCERA3M086SBEA,-0.2310617082355391,-3.3
2020-08-01,LINREG,INDPRO,-0.11405625768243505,-3.3
2020-08-01,LINREG,M2SL,0.05445418609567241,-3.3
2020-08-01,LINREG,OILPRICEX,-0.24136563032026584,-3.3
2020-08-01,LINREG,RPI,0.4807808571644885,-3.3
2020-08-01,LINREG,SP500,-0.4020464413335626,-3.3
2020-08-01,LINREG,TB3MS,-0.002384000241912684,-3.3
2020-08-01,LINREG,UNRATE_lag12,-0.03826081771707442,-3.3
2020-08-01,LINREG,USREC,0.025110810526959727,-3.3
2020-09-01,LINREG,BUSLOANS,0.46063106961112804,-3.1
2020-09-01,LINREG,CPIAUCSL,0.1523886076790084,-3.1
2020-09-01,LINREG,DPCERA3M086SBEA,-0.30038419378322134,-3.1
2020-09-01,LINREG,INDPRO,-0.14197820586115256,-3.1
2020-09-01,LINREG,M2SL,0.013987678660099055,-3.1
2020-09-01,LINREG,OILPRICEX,0.0459508277829769,-3.1
2020-09-01,LINREG,RPI,0.3202298062249172,-3.1
2020-09-01,LINREG,SP500,-0.18639854451313423,-3.1
2020-09-01,LINREG,TB3MS,-0.006154860080448625,-3.1
2020-09-01,LINREG,UNRATE_lag12,-0.03777400271616178,-3.1
2020-09-01,LINREG,USREC,0.024737269945428308,-3.1
2020-10-01,LINREG,BUSLOANS,0.3124920943068577,-2.4
2020-10-01,LINREG,CPIAUCSL,-0.01425960163871907,-2.4
2020-10-01,LINREG,DPCERA3M086SBEA,-0.238235742519795,-2.4
2020-10-01,LINREG,INDPRO,-0.051666333878048344,-2.4
2020-10-01,LINREG,M2SL,-0.03226431435750947,-2.4
2020-10-01,LINREG,OILPRICEX,0.0749371681360498,-2.4
2020-10-01,LINREG,RPI,0.3461685632514275,-2.4
2020-10-01,LINREG,SP500,-0.13371931992494657,-2.4
2020-10-01,LINREG,TB3MS,-0.0025045915615160073,-2.4
2020-10-01,LINREG,UNRATE_lag12,-0.03809107405372375,-2.4
2020-10-01,LINREG,USREC,0.024605590276622954,-2.4
2020-11-01,LINREG,BUSLOANS,-0.089745916403643,-2.5
2020-11-01,LINREG,CPIAUCSL,-0.07551954122865058,-2.5
2020-11-01,LINREG,DPCERA3M086SBEA,-0.09102613781353991,-2.5
2020-11-01,LINREG,INDPRO,-0.03240059641685688,-2.5
2020-11-01,LINREG,M2SL,0.004983573540620358,-2.5
2020-11-01,LINREG,OILPRICEX,0.029032605948636013,-2.5
2020-11-01,LINREG,RPI,0.08799336834584537,-2.5
2020-11-01,LINREG,SP500,-0.07681932535022287,-2.5
2020-11-01,LINREG,TB3MS,0.0011595758949388144,-2.5
2020-11-01,LINREG,UNRATE_lag12,-0.038145705456542806,-2.5
2020-11-01,LINREG,USREC,0.024302699163369395,-2.5
2020-12-01,LINREG,BUSLOANS,0.050619583955901166,-2.8
2020-12-01,LINREG,CPIAUCSL,-0.039783294944658064,-2.8
2020-12-01,LINREG,DPCERA3M086SBEA,0.028477123667829545,-2.8
2020-12-01,LINREG,INDPRO,-0.09190016774198781,-2.8
2020-12-01,LINREG,M2SL,0.0018421120168977928,-2.8
2020-12-01,LINREG,OILPRICEX,-0.012386531403524977,-2.8
2020-12-01,LINREG,RPI,0.12300271472776277,-2.8
2020-12-01,LINREG,SP500,-0.23256355332700104,-2.8
2020-12-01,LINREG,TB3MS,-0.0006947560960488403,-2.8
2020-12-01,LINREG,UNRATE_lag12,-0.07278702605527193,-2.8
2020-12-01,LINREG,USREC,0.023816154227678764,-2.8
2021-01-01,LINREG,BUSLOANS,-0.03913433529478744,-2.4
2021-01-01,LINREG,CPIAUCSL,0.01373882923076095,-2.4
2021-01-01,LINREG,DPCERA3M086SBEA,-0.10205270268816387,-2.4
2021-01-01,LINREG,INDPRO,-0.0831789757012421,-2.4
2021-01-01,LINREG,M2SL,0.0025572508897470647,-2.4
2021-01-01,LINREG,OILPRICEX,-0.03317828981035697,-2.4
2021-01-01,LINREG,RPI,-0.34037075982886184,-2.4
2021-01-01,LINREG,SP500,-0.26959879673544307,-2.4
2021-01-01,LINREG,TB3MS,-0.0007187942843535437,-2.4
2021-01-01,LINREG,UNRATE_lag12,-0.10639454032268414,-2.4
2021-01-01,LINREG,USREC,0.02348736548844394,-2.4
2021-02-01,LINREG,BUSLOANS,-0.43373611682186586,-2.4
2021-02-01,LINREG,CPIAUCSL,0.04284845910716778,-2.4
2021-02-01,LINREG,DPCERA3M086SBEA,-0.012310707977176497,-2.4
2021-02-01,LINREG,INDPRO,0.06572142068191046,-2.4
2021-02-01,LINREG,M2SL,-0.0005795075896820717,-2.4
2021-02-01,LINREG,OILPRICEX,-0.05041115892211652,-2.4
2021-02-01,LINREG,RPI,-0.2003386279988188,-2.4
2021-02-01,LINREG,SP500,-0.22648821309769834,-2.4
2021-02-01,LINREG,TB3MS,-0.006348366726367922,-2.4
2021-02-01,LINREG,UNRATE_lag12,-0.07209501832960398,-2.4
2021-02-01,LINREG,USREC,0.02325916412239293,-2.4
2021-03-01,LINREG,BUSLOANS,-0.4582989111234193,-2.4
2021-03-01,LINREG,CPIAUCSL,0.028649952900143827,-2.4
2021-03-01,LINREG,DPCERA3M086SBEA,-0.37746206786512376,-2.4
2021-03-01,LINREG,INDPRO,0.006410449459231317,-2.4
2021-03-01,LINREG,M2SL,0.00558022662618228,-2.4
2021-03-01,LINREG,OILPRICEX,-0.014434887226489501,-2.4
2021-03-01,LINREG,RPI,-0.37208830372989316,-2.4
2021-03-01,LINREG,SP500,-0.11602129504695949,-2.4
2021-03-01,LINREG,TB3MS,-0.008270042104043389,-2.4
2021-03-01,LINREG,UNRATE_lag12,0.2384808293521457,-2.4
2021-03-01,LINREG,USREC,0.02327061726583978,-2.4
2021-04-01,LINREG,BUSLOANS,-0.4880454695609118,-2.4
2021-04-01,LINREG,CPIAUCSL,0.0614765067128917,-2.4
2021-04-01,LINREG,DPCERA3M086SBEA,-0.42924223573142417,-2.4
2021-04-01,LINREG,INDPRO,0.016507594931720992,-2.4
2021-04-01,LINREG,M2SL,0.0042443061073718525,-2.4
2021-04-01,LINREG,OILPRICEX,0.011288087051453519,-2.4
2021-04-01,LINREG,RPI,0.31939496254746275,-2.4
2021-04-01,LINREG,SP500,-0.21823953392702078,-2.4
2021-04-01,LINREG,TB3MS,-0.008208807042219995,-2.4
2021-04-01,LINREG,UNRATE_lag12,1.2907717938099301,-2.4
2021-04-01,LINREG,USREC,0.024669173075305896,-2.4
2021-05-01,LINREG,BUSLOANS,-0.028876531886103347,-2.2
2021-05-01,LINREG,CPIAUCSL,0.07499074661387954,-2.2
2021-05-01,LINREG,DPCERA3M086SBEA,-0.4935874659274033,-2.2
2021-05-01,LINREG,INDPRO,-0.11142133513230172,-2.2
2021-05-01,LINREG,M2SL,0.002184336137631728,-2.2
2021-05-01,LINREG,OILPRICEX,0.024917195074787533,-2.2
2021-05-01,LINREG,RPI,-0.11016779672455132,-2.2
2021-05-01,LINREG,SP500,-0.1616542121591598,-2.2
2021-05-01,LINREG,TB3MS,-0.0007701718010218534,-2.2
2021-05-01,LINREG,UNRATE_lag12,1.2757988760322527,-2.2
2021-05-01,LINREG,USREC,0.02568784753334959,-2.2
2021-06-01,LINREG,BUSLOANS,0.4163177981208339,-2.3
2021-06-01,LINREG,CPIAUCSL,0.09400728440110717,-2.3
2021-06-01,LINREG,DPCERA3M086SBEA,-0.13893090324894064,-2.3
2021-06-01,LINREG,INDPRO,-0.036440466937108396,-2.3
2021-06-01,LINREG,M2SL,0.0007237400968035779,-2.3
2021-06-01,LINREG,OILPRICEX,0.008613453842300651,-2.3
2021-06-01,LINREG,RPI,0.2731703530270314,-2.3
2021-06-01,LINREG,SP500,-0.19564848280512528,-2.3
2021-06-01,LINREG,TB3MS,0.00467140672121314,-2.3
2021-06-01,LINREG,UNRATE_lag12,1.2789700528555266,-2.3
2021-06-01,LINREG,USREC,0.028665362615081527,-2.3
2021-07-01,LINREG,BUSLOANS,0.3887808024006691,-1.9
2021-07-01,LINREG,CPIAUCSL,0.03976407325460962,-1.9
2021-07-01,LINREG,DPCERA3M086SBEA,0.02945526222858539,-1.9
2021-07-01,LINREG,INDPRO,-0.04529385047810915,-1.9
2021-07-01,LINREG,M2SL,-0.004243229345851326,-1.9
2021-07-01,LINREG,OILPRICEX,0.0003175610462562131,-1.9
2021-07-01,LINREG,RPI,0.20612683690801967,-1.9
2021-07-01,LINREG,SP500,-0.10243164193639746,-1.9
2021-07-01,LINREG,TB3MS,0.008203818101179946,-1.9
2021-07-01,LINREG,UNRATE_lag12,1.3224317237847398,-1.9
2021-07-01,LINREG,USREC,0.03134551965525808,-1.9
2021-08-01,LINREG,BUSLOANS,0.2963745701161355,-1.5
2021-08-01,LINREG,CPIAUCSL,-0.018825800162869676,-1.5
2021-08-01,LINREG,DPCERA3M086SBEA,-0.11936627859457467,-1.5
2021-08-01,LINREG,INDPRO,-0.011405055395699852,-1.5
2021-08-01,LINREG,M2SL,-0.017584666469721833,-1.5
2021-08-01,LINREG,OILPRICEX,0.0027939592441178873,-1.5
2021-08-01,LINREG,RPI,0.032293724043545045,-1.5
2021-08-01,LINREG,SP500,-0.14921127133913664,-1.5
2021-08-01,LINREG,TB3MS,0.008135255220604393,-1.5
2021-08-01,LINREG,UNRATE_lag12,1.3292728649696035,-1.5
2021-08-01,LINREG,USREC,0.032798436611872525,-1.5
2021-09-01,LINREG,BUSLOANS,-0.16251772586425786,-1.2
2021-09-01,LINREG,CPIAUCSL,-0.08924466742493486,-1.2
2021-09-01,LINREG,DPCERA3M086SBEA,0.0007945938866591866,-1.2
2021-09-01,LINREG,INDPRO,0.03259131039578409,-1.2
2021-09-01,LINREG,M2SL,-0.0067703954018036114,-1.2
2021-09-01,LINREG,OILPRICEX,0.006435267585125831,-1.2
2021-09-01,LINREG,RPI,0.07311290702801157,-1.2
2021-09-01,LINREG,SP500,-0.08675379684273503,-1.2
2021-09-01,LINREG,TB3MS,0.0027268455740269365,-1.2
2021-09-01,LINREG,UNRATE_lag12,1.3391947106696862,-1.2
2021-09-01,LINREG,USREC,0.03353918527792007,-1.2
2021-10-01,LINREG,BUSLOANS,-0.27760869683119693,-0.9
2021-10-01,LINREG,CPIAUCSL,-0.028765269387472057,-0.9
2021-10-01,LINREG,DPCERA3M086SBEA,-0.13842271758026303,-0.9
2021-10-01,LINREG,INDPRO,0.007830316599626895,-0.9
2021-10-01,LINREG,M2SL,0.0016537636820367118,-0.9
2021-10-01,LINREG,OILPRICEX,0.001980567418771246,-0.9
2021-10-01,LINREG,RPI,0.11029640490671605,-0.9
2021-10-01,LINREG,SP500,-0.0011843897396068008,-0.9
2021-10-01,LINREG,TB3MS,0.0027038079072538575,-0.9
2021-10-01,LINREG,UNRATE_lag12,1.1076517142004296,-0.9
2021-10-01,LINREG,USREC,0.033684054749700036,-0.9
2021-11-01,LINREG,BUSLOANS,-0.45222407376559115,-0.6
2021-11-01,LINREG,CPIAUCSL,0.052707394673182334,-0.6
2021-11-01,LINREG,DPCERA3M086SBEA,-0.054305106612026095,-0.6
2021-11-01,LINREG,INDPRO,-0.017089172881239945,-0.6
2021-11-01,LINREG,M2SL,0.005881080225187911,-0.6
2021-11-01,LINREG,OILPRICEX,-0.0062262781044785335,-0.6
2021-11-01,LINREG,RPI,0.11284540915690075,-0.6
2021-11-01,LINREG,SP500,-0.083447627187557,-0.6
2021-11-01,LINREG,TB3MS,0.002687901205590271,-0.6
2021-11-01,LINREG,UNRATE_lag12,1.0330866095055011,-0.6
2021-11-01,LINREG,USREC,0.03342026347338502,-0.6
2021-12-01,LINREG,BUSLOANS,-0.44078516422693276,-0.4
2021-12-01,LINREG,CPIAUCSL,0.11854449380600765,-0.4
2021-12-01,LINREG,DPCERA3M086SBEA,0.03607143356894691,-0.4
2021-12-01,LINREG,INDPRO,-0.04237977132619768,-0.4
2021-12-01,LINREG,M2SL,-0.0012514148853973752,-0.4
2021-12-01,LINREG,OILPRICEX,-9.373139265992904e-05,-0.4
2021-12-01,LINREG,RPI,0.06717405001750708,-0.4
2021-12-01,LINREG,SP500,-0.09473243175185832,-0.4
2021-12-01,LINREG,TB3MS,0.006219625200607719,-0.4
2021-12-01,LINREG,UNRATE_lag12,1.0256495203257827,-0.4
2021-12-01,LINREG,USREC,0.03314344430701892,-0.4
2022-01-01,LINREG,BUSLOANS,-0.3560492285742453,-0.5
2022-01-01,LINREG,CPIAUCSL,0.044440013412111685,-0.5
2022-01-01,LINREG,DPCERA3M086SBEA,0.13770089232067587,-0.5
2022-01-01,LINREG,INDPRO,0.006081355538323289,-0.5
2022-01-01,LINREG,M2SL,-0.004067990364989394,-0.5
2022-01-01,LINREG,OILPRICEX,0.005009893370751522,-0.5
2022-01-01,LINREG,RPI,0.12105272750533322,-0.5
2022-01-01,LINREG,SP500,-0.011008609093695502,-0.5
2022-01-01,LINREG,TB3MS,0.02044923132174426,-0.5
2022-01-01,LINREG,UNRATE_lag12,0.9225385218022304,-0.5
2022-01-01,LINREG,USREC,0.03319515827425679,-0.5
2022-02-01,LINREG,BUSLOANS,-0.20806794380996005,-0.2
2022-02-01,LINREG,CPIAUCSL,-0.01733012276856519,-0.2
2022-02-01,LINREG,DPCERA3M086SBEA,0.16119078685576851,-0.2
2022-02-01,LINREG,INDPRO,0.00768518500482132,-0.2
2022-02-01,LINREG,M2SL,-0.007712672055355881,-0.2
2022-02-01,LINREG,OILPRICEX,0.00024837974030990226,-0.2
2022-02-01,LINREG,RPI,0.10169883800389745,-0.2
2022-02-01,LINREG,SP500,0.24035824199460565,-0.2
2022-02-01,LINREG,TB3MS,0.05246674391641482,-0.2
2022-02-01,LINREG,UNRATE_lag12,0.8857449424172018,-0.2
2022-02-01,LINREG,USREC,0.03329608491540059,-0.2
2022-03-01,LINREG,BUSLOANS,-0.02134691371801613,-0.2
2022-03-01,LINREG,CPIAUCSL,-0.013077555409626525,-0.2
2022-03-01,LINREG,DPCERA3M086SBEA,0.0021629204160403745,-0.2
2022-03-01,LINREG,INDPRO,-0.016712444723564056,-0.2
2022-03-01,LINREG,M2SL,-0.013827694654728799,-0.2
2022-03-01,LINREG,OILPRICEX,-0.024521587855260495,-0.2
2022-03-01,LINREG,RPI,0.11034741424208921,-0.2
2022-03-01,LINREG,SP500,0.2782079218291443,-0.2
2022-03-01,LINREG,TB3MS,0.07010782516747967,-0.2
2022-03-01,LINREG,UNRATE_lag12,0.561587849187457,-0.2
2022-03-01,LINREG,USREC,0.033379254500397665,-0.2
2022-04-01,LINREG,BUSLOANS,-0.03093985037081305,-0.3
2022-04-01,LINREG,CPIAUCSL,-0.004317470363023952,-0.3
2022-04-01,LINREG,DPCERA3M086SBEA,-0.07993090752910921,-0.3
2022-04-01,LINREG,INDPRO,-0.029024548186725795,-0.3
2022-04-01,LINREG,M2SL,-0.01878075768411526,-0.3
2022-04-01,LINREG,OILPRICEX,-0.011680401054366312,-0.3
2022-04-01,LINREG,RPI,0.061718428403704395,-0.3
2022-04-01,LINREG,SP500,0.2045279024324925,-0.3
2022-04-01,LINREG,TB3MS,0.11109867986588653,-0.3
2022-04-01,LINREG,UNRATE_lag12,-0.7466664758958913,-0.3
2022-04-01,LINREG,USREC,0.03285732699429757,-0.3
2022-05-01,LINREG,BUSLOANS,-0.15762755056529323,0.0
2022-05-01,LINREG,CPIAUCSL,0.031208854805240497,0.0
2022-05-01,LINREG,DPCERA3M086SBEA,-0.04344109288712577,0.0
2022-05-01,LINREG,INDPRO,-0.00849921998244982,0.0
2022-05-01,LINREG,M2SL,-0.027860046983627387,0.0
2022-05-01,LINREG,OILPRICEX,-0.0022701370407983063,0.0
2022-05-01,LINREG,RPI,0.08348900493012261,0.0
2022-05-01,LINREG,SP500,0.37478611228462794,0.0
2022-05-01,LINREG,TB3MS,0.11825705656715987,0.0
2022-05-01,LINREG,UNRATE_lag12,-0.7749104123646817,0.0
2022-05-01,LINREG,USREC,0.032419037865209416,0.0
2022-06-01,LINREG,BUSLOANS,-0.21366413624708577,0.0
2022-06-01,LINREG,CPIAUCSL,0.024954902902517537,0.0
2022-06-01,LINREG,DPCERA3M086SBEA,0.039692188928667396,0.0
2022-06-01,LINREG,INDPRO,0.015532162677043646,0.0
2022-06-01,LINREG,M2SL,-0.029717519441688156,0.0
2022-06-01,LINREG,OILPRICEX,0.01847665256121458,0.0
2022-06-01,LINREG,RPI,0.08543251529415057,0.0
2022-06-01,LINREG,SP500,0.4531802310770203,0.0
2022-06-01,LINREG,TB3MS,0.18831922598560655,0.0
2022-06-01,LINREG,UNRATE_lag12,-0.785470261852052,0.0
2022-06-01,LINREG,USREC,0.03187638745698091,0.0
2022-07-01,LINREG,BUSLOANS,-0.17977054086088556,0.0
2022-07-01,LINREG,CPIAUCSL,0.005352380961714047,0.0
2022-07-01,LINREG,DPCERA3M086SBEA,0.11741751723818335,0.0
2022-07-01,LINREG,INDPRO,0.010944388487200288,0.0
2022-07-01,LINREG,M2SL,-0.02751461758647442,0.0
2022-07-01,LINREG,OILPRICEX,0.00932277920510147,0.0
2022-07-01,LINREG,RPI,0.020172319318928395,0.0
2022-07-01,LINREG,SP500,0.43812697519349036,0.0
2022-07-01,LINREG,TB3MS,0.25857764327485416,0.0
2022-07-01,LINREG,UNRATE_lag12,-0.7845191363758827,0.0
2022-07-01,LINREG,USREC,0.03138886774383711,0.0
2022-08-01,LINREG,BUSLOANS,0.016929481611497297,0.1
2022-08-01,LINREG,CPIAUCSL,-0.10297925887969703,0.1
2022-08-01,LINREG,DPCERA3M086SBEA,-0.006385587578927834,0.1
2022-08-01,LINREG,INDPRO,0.011321688817095586,0.1
2022-08-01,LINREG,M2SL,-0.009044915006372644,0.1
2022-08-01,LINREG,OILPRICEX,0.01497171672114004,0.1
2022-08-01,LINREG,RPI,-0.020493648526388297,0.1
2022-08-01,LINREG,SP500,-0.02526557520698676,0.1
2022-08-01,LINREG,TB3MS,0.2873368368183503,0.1
2022-08-01,LINREG,UNRATE_lag12,-0.7991544068091976,0.1
2022-08-01,LINREG,USREC,0.03124509276370609,0.1
2022-09-01,LINREG,BUSLOANS,0.2005898028342749,0.3
2022-09-01,LINREG,CPIAUCSL,-0.2007993275515983,0.3
2022-09-01,LINREG,DPCERA3M086SBEA,-0.007747607172916469,0.3
2022-09-01,LINREG,INDPRO,-0.0014476214250045785,0.3
2022-09-01,LINREG,M2SL,-0.0042608213713421685,0.3
2022-09-01,LINREG,OILPRICEX,0.01578261433201111,0.3
2022-09-01,LINREG,RPI,-0.0708360182343888,0.3
2022-09-01,LINREG,SP500,0.10720884588415557,0.3
2022-09-01,LINREG,TB3MS,0.28325432029865116,0.3
2022-09-01,LINREG,UNRATE_lag12,-0.8246871360580657,0.3
2022-09-01,LINREG,USREC,0.031103509859296417,0.3
2022-10-01,LINREG,BUSLOANS,0.2403700628999976,0.3
2022-10-01,LINREG,CPIAUCSL,-0.11805483749353513,0.3
2022-10-01,LINREG,DPCERA3M086SBEA,-0.02442641347892826,0.3
2022-10-01,LINREG,INDPRO,0.004548429207232496,0.3
2022-10-01,LINREG,M2SL,-0.011715980821150667,0.3
2022-10-01,LINREG,OILPRICEX,0.0063088130727370784,0.3
2022-10-01,LINREG,RPI,-0.017738210864103886,0.3
2022-10-01,LINREG,SP500,0.22215806133772917,0.3
2022-10-01,LINREG,TB3MS,0.25369355793251613,0.3
2022-10-01,LINREG,UNRATE_lag12,-0.7394469291211577,0.3
2022-10-01,LINREG,USREC,0.03094534536860487,0.3
2022-11-01,LINREG,BUSLOANS,0.18681524882966627,0.1
2022-11-01,LINREG,CPIAUCSL,-0.013119291465134195,0.1
2022-11-01,LINREG,DPCERA3M086SBEA,0.12271089395282427,0.1
2022-11-01,LINREG,INDPRO,0.00850264823663298,0.1
2022-11-01,LINREG,M2SL,-0.018648104122539436,0.1
2022-11-01,LINREG,OILPRICEX,-0.0027422680718991875,0.1
2022-11-01,LINREG,RPI,0.0031930773819238063,0.1
2022-11-01,LINREG,SP500,0.25581133770843284,0.1
2022-11-01,LINREG,TB3MS,0.2523966032013295,0.1
2022-11-01,LINREG,UNRATE_lag12,-0.7697994443835311,0.1
2022-11-01,LINREG,USREC,0.030579283703590525,0.1
2022-12-01,LINREG,BUSLOANS,0.11470428262644004,0.3
2022-12-01,LINREG,CPIAUCSL,0.035748254419166715,0.3
2022-12-01,LINREG,DPCERA3M086SBEA,0.1506977338966218,0.3
2022-12-01,LINREG,INDPRO,0.04048069620084997,0.3
2022-12-01,LINREG,M2SL,-0.021410885668529035,0.3
2022-12-01,LINREG,OILPRICEX,-0.010690408909999439,0.3
2022-12-01,LINREG,RPI,-0.0007748195525733757,0.3
2022-12-01,LINREG,SP500,0.015247320134809025,0.3
2022-12-01,LINREG,TB3MS,0.18417557078811408,0.3
2022-12-01,LINREG,UNRATE_lag12,-0.8463083855499741,0.3
2022-12-01,LINREG,USREC,0.03034591725434131,0.3
2023-01-01,LINREG,BUSLOANS,0.11936658554394416,0.2
2023-01-01,LINREG,CPIAUCSL,-0.020941110836993213,0.2
2023-01-01,LINREG,DPCERA3M086SBEA,-0.04986231162137955,0.2
2023-01-01,LINREG,INDPRO,0.022216629920031403,0.2
2023-01-01,LINREG,M2SL,0.0001466701413929122,0.2
2023-01-01,LINREG,OILPRICEX,-0.0019886140300932357,0.2
2023-01-01,LINREG,RPI,2.4121019909774328e-05,0.2
2023-01-01,LINREG,SP500,-0.1281052564138792,0.2
2023-01-01,LINREG,TB3MS,0.13446627626154095,0.2
2023-01-01,LINREG,UNRATE_lag12,-0.730386541469334,0.2
2023-01-01,LINREG,USREC,0.030371905419635904,0.2
2023-02-01,LINREG,BUSLOANS,0.1723116846338435,0.3
2023-02-01,LINREG,CPIAUCSL,-0.028696528063425746,0.3
2023-02-01,LINREG,DPCERA3M086SBEA,-0.08696388707622776,0.3
2023-02-01,LINREG,INDPRO,0.01214206712671778,0.3
2023-02-01,LINREG,M2SL,0.009690871555685038,0.3
2023-02-01,LINREG,OILPRICEX,-0.000801486089375497,0.3
2023-02-01,LINREG,RPI,-0.02115890664658205,0.3
2023-02-01,LINREG,SP500,-0.06281986557620686,0.3
2023-02-01,LINREG,TB3MS,0.08169640792220266,0.3
2023-02-01,LINREG,UNRATE_lag12,-0.7271042528901882,0.3
2023-02-01,LINREG,USREC,0.030451311198470707,0.3
2023-03-01,LINREG,BUSLOANS,0.17873121355257182,0.4
2023-03-01,LINREG,CPIAUCSL,0.014571253317672572,0.4
2023-03-01,LINREG,DPCERA3M086SBEA,-0.10515849358951247,0.4
2023-03-01,LINREG,INDPRO,-0.02439118554074763,0.4
2023-03-01,LINREG,M2SL,-0.005132297570177974,0.4
2023-03-01,LINREG,OILPRICEX,-0.002952893889016796,0.4
2023-03-01,LINREG,RPI,-0.032430629666654984,0.4
2023-03-01,LINREG,SP500,0.020882204883620362,0.4
2023-03-01,LINREG,TB3MS,0.07171712527219554,0.4
2023-03-01,LINREG,UNRATE_lag12,-0.723994829600577,0.4
2023-03-01,LINREG,USREC,0.030571512243545974,0.4
2023-04-01,LINREG,BUSLOANS,0.2810155006029931,0.5
2023-04-01,LINREG,CPIAUCSL,-0.0036042320011047454,0.5
2023-04-01,LINREG,DPCERA3M086SBEA,0.0718483305396714,0.5
2023-04-01,LINREG,INDPRO,-0.012476067030618496,0.5
2023-04-01,LINREG,M2SL,-0.032486766203642145,0.5
2023-04-01,LINREG,OILPRICEX,-0.0065818482504038465,0.5
2023-04-01,LINREG,RPI,-0.028891540295276925,0.5
2023-04-01,LINREG,SP500,-0.0603279531045687,0.5
2023-04-01,LINREG,TB3MS,0.0617154242149477,0.5
2023-04-01,LINREG,UNRATE_lag12,-0.7207946817481279,0.5
2023-04-01,LINREG,USREC,0.030649229205168414,0.5
2023-05-01,LINREG,BUSLOANS,0.20080865914550214,0.4
2023-05-01,LINREG,CPIAUCSL,-0.03311296139104693,0.4
2023-05-01,LINREG,DPCERA3M086SBEA,0.06813039318088884,0.4
2023-05-01,LINREG,INDPRO,-0.0018051687380690922,0.4
2023-05-01,LINREG,M2SL,-0.02649887331089625,0.4
2023-05-01,LINREG,OILPRICEX,-0.0013523403796560373,0.4
2023-05-01,LINREG,RPI,-0.025367242572033714,0.4
2023-05-01,LINREG,SP500,0.014897792401837869,0.4
2023-05-01,LINREG,TB3MS,0.07970965974881937,0.4
2023-05-01,LINREG,UNRATE_lag12,-0.6558533636376283,0.4
2023-05-01,LINREG,USREC,0.03066948716241575,0.4
2023-06-01,LINREG,BUSLOANS,0.14773349550248052,0.5
2023-06-01,LINREG,CPIAUCSL,-0.014228218364771554,0.5
2023-06-01,LINREG,DPCERA3M086SBEA,0.013543812551044518,0.5
2023-06-01,LINREG,INDPRO,0.025957379570989793,0.5
2023-06-01,LINREG,M2SL,0.03406041361105011,0.5
2023-06-01,LINREG,OILPRICEX,-0.0002477739611057431,0.5
2023-06-01,LINREG,RPI,-0.0018154656853968372,0.5
2023-06-01,LINREG,SP500,-0.22160640554516606,0.5
2023-06-01,LINREG,TB3MS,0.0766650762070954,0.5
2023-06-01,LINREG,UNRATE_lag12,-0.683786267656185,0.5
2023-06-01,LINREG,USREC,0.03084296612800224,0.5
2023-07-01,LINREG,BUSLOANS,-0.07496772010065887,0.7
2023-07-01,LINREG,CPIAUCSL,-0.022533199596449078,0.7
2023-07-01,LINREG,DPCERA3M086SBEA,-0.016925578112243683,0.7
2023-07-01,LINREG,INDPRO,0.013835348442318863,0.7
2023-07-01,LINREG,M2SL,0.04466718818129673,0.7
2023-07-01,LINREG,OILPRICEX,0.002854134180488114,0.7
2023-07-01,LINREG,RPI,-0.007774700267841311,0.7
2023-07-01,LINREG,SP500,-0.21671871414378063,0.7
2023-07-01,LINREG,TB3MS,0.05283787623076529,0.7
2023-07-01,LINREG,UNRATE_lag12,-0.5566335563114623,0.7
2023-07-01,LINREG,USREC,0.03124243515837,0.7
2023-08-01,LINREG,BUSLOANS,-0.09858064825776469,0.5
2023-08-01,LINREG,CPIAUCSL,0.03257170670064509,0.5
2023-08-01,LINREG,DPCERA3M086SBEA,-0.036285198866278734,0.5
2023-08-01,LINREG,INDPRO,0.007416589679382932,0.5
2023-08-01,LINREG,M2SL,0.033087193764583085,0.5
2023-08-01,LINREG,OILPRICEX,-0.009837892659029969,0.5
2023-08-01,LINREG,RPI,0.0038674730428234936,0.5
2023-08-01,LINREG,SP500,-0.1612890368260197,0.5
2023-08-01,LINREG,TB3MS,0.024997489401977435,0.5
2023-08-01,LINREG,UNRATE_lag12,-0.4315981184587755,0.5
2023-08-01,LINREG,USREC,0.031492928502327926,0.5
2023-09-01,LINREG,BUSLOANS,-0.1486838703126667,0.3
2023-09-01,LINREG,CPIAUCSL,0.026538990046733473,0.3
2023-09-01,LINREG,DPCERA3M086SBEA,-0.002597927714001633,0.3
2023-09-01,LINREG,INDPRO,-0.017440506723543046,0.3
2023-09-01,LINREG,M2SL,0.0035160423174920223,0.3
2023-09-01,LINREG,OILPRICEX,-0.01283126488357606,0.3
2023-09-01,LINREG,RPI,0.009411556106918151,0.3
2023-09-01,LINREG,SP500,0.02063051249446624,0.3
2023-09-01,LINREG,TB3MS,0.024902852988088402,0.3
2023-09-01,LINREG,UNRATE_lag12,-0.33815518182676935,0.3
2023-09-01,LINREG,USREC,0.03160665342956542,0.3
2023-10-01,LINREG,BUSLOANS,-0.10283197924720545,0.2
2023-10-01,LINREG,CPIAUCSL,0.042345407380694616,0.2
2023-10-01,LINREG,DPCERA3M086SBEA,0.034872840165896944,0.2
2023-10-01,LINREG,INDPRO,0.01609145684181253,0.2
2023-10-01,LINREG,M2SL,-0.012552005737185677,0.2
2023-10-01,LINREG,OILPRICEX,-0.007405046484895548,0.2
2023-10-01,LINREG,RPI,0.0030512308068584132,0.2
2023-10-01,LINREG,SP500,0.23748309737262344,0.2
2023-10-01,LINREG,TB3MS,0.013367114810873347,0.2
2023-10-01,LINREG,UNRATE_lag12,-0.2452418671248069,0.2
2023-10-01,LINREG,USREC,0.031562627811541996,0.2
2023-11-01,LINREG,BUSLOANS,-0.03978243974347796,0.5
2023-11-01,LINREG,CPIAUCSL,-0.030345760310966783,0.5
2023-11-01,LINREG,DPCERA3M086SBEA,-0.01784263609944169,0.5
2023-11-01,LINREG,INDPRO,0.00457097818681612,0.5
2023-11-01,LINREG,M2SL,0.0007906212421173011,0.5
2023-11-01,LINREG,OILPRICEX,0.008058721094329584,0.5
2023-11-01,LINREG,RPI,-0.02229231134178421,0.5
2023-11-01,LINREG,SP500,0.06431131141431178,0.5
2023-11-01,LINREG,TB3MS,-0.0063154631521771375,0.5
2023-11-01,LINREG,UNRATE_lag12,-0.1522513518208099,0.5
2023-11-01,LINREG,USREC,0.03159169720967764,0.5
2023-12-01,LINREG,BUSLOANS,0.021367494246319233,0.3
2023-12-01,LINREG,CPIAUCSL,-0.0653294575219208,0.3
2023-12-01,LINREG,DPCERA3M086SBEA,-0.06794926436532125,0.3
2023-12-01,LINREG,INDPRO,0.016260882553779315,0.3
2023-12-01,LINREG,M2SL,0.004671042888016921,0.3
2023-12-01,LINREG,OILPRICEX,0.025529413645107024,0.3
2023-12-01,LINREG,RPI,-0.042151899286933026,0.3
2023-12-01,LINREG,SP500,-0.12474316566403437,0.3
2023-12-01,LINREG,TB3MS,-0.014499550641330121,0.3
2023-12-01,LINREG,UNRATE_lag12,-0.09046824093704996,0.3
2023-12-01,LINREG,USREC,0.0315663964634257,0.3
2024-01-01,LINREG,BUSLOANS,0.10164149079355674,0.3
2024-01-01,LINREG,CPIAUCSL,-0.03140698308370595,0.3
2024-01-01,LINREG,DPCERA3M086SBEA,0.04638285800134655,0.3
2024-01-01,LINREG,INDPRO,0.03935719416987511,0.3
2024-01-01,LINREG,M2SL,0.017893252839275404,0.3
2024-01-01,LINREG,OILPRICEX,0.015795881912087067,0.3
2024-01-01,LINREG,RPI,-0.05029270348828211,0.3
2024-01-01,LINREG,SP500,-0.31009287372353866,0.3
2024-01-01,LINREG,TB3MS,-0.021086523966935,0.3
2024-01-01,LINREG,UNRATE_lag12,-0.12070283440390459,0.3
2024-01-01,LINREG,USREC,0.03150276923766962,0.3
2024-02-01,LINREG,BUSLOANS,0.011980151728590776,0.2
2024-02-01,LINREG,CPIAUCSL,0.03295662569888083,0.2
2024-02-01,LINREG,DPCERA3M086SBEA,0.03137243779995052,0.2
2024-02-01,LINREG,INDPRO,0.0213585865019213,0.2
2024-02-01,LINREG,M2SL,0.023675670366864854,0.2
2024-02-01,LINREG,OILPRICEX,-0.0028804273336401295,0.2
2024-02-01,LINREG,RPI,-0.026786168184670743,0.2
2024-02-01,LINREG,SP500,-0.2963757261914949,0.2
2024-02-01,LINREG,TB3MS,-0.006337804742409583,0.2
2024-02-01,LINREG,UNRATE_lag12,-0.028799734254101445,0.2
2024-02-01,LINREG,USREC,0.0314295430354909,0.2
2024-03-01,LINREG,BUSLOANS,0.038370622391675144,0.3
2024-03-01,LINREG,CPIAUCSL,0.06856599479013925,0.3
2024-03-01,LINREG,DPCERA3M086SBEA,0.04460188671755337,0.3
2024-03-01,LINREG,INDPRO,0.009497744046845379,0.3
2024-03-01,LINREG,M2SL,0.025652889736429815,0.3
2024-03-01,LINREG,OILPRICEX,-0.020135413616855957,0.3
2024-03-01,LINREG,RPI,-0.014926037832810287,0.3
2024-03-01,LINREG,SP500,-0.2389568576185922,0.3
2024-03-01,LINREG,TB3MS,-0.001422183920603481,0.3
2024-03-01,LINREG,UNRATE_lag12,-0.02871816577137828,0.3
2024-03-01,LINREG,USREC,0.031360887032681084,0.3
2024-04-01,LINREG,BUSLOANS,-0.001277927707690583,0.3
2024-04-01,LINREG,CPIAUCSL,0.03609245754795467,0.3
2024-04-01,LINREG,DPCERA3M086SBEA,-0.055163240975614584,0.3
2024-04-01,LINREG,INDPRO,-0.022773232611641006,0.3
2024-04-01,LINREG,M2SL,0.008631270378138739,0.3
2024-04-01,LINREG,OILPRICEX,-0.015550159296667962,0.3
2024-04-01,LINREG,RPI,0.0062268400634473255,0.3
2024-04-01,LINREG,SP500,-0.11851414997205191,0.3
2024-04-01,LINREG,TB3MS,0.0018497051980994697,0.3
2024-04-01,LINREG,UNRATE_lag12,-0.059135958185221396,0.3
2024-04-01,LINREG,USREC,0.03136235766016167,0.3
2024-05-01,LINREG,BUSLOANS,0.04367413937754567,0.2
2024-05-01,LINREG,CPIAUCSL,-0.028933603103988934,0.2
2024-05-01,LINREG,DPCERA3M086SBEA,-0.059310140389144075,0.2
2024-05-01,LINREG,INDPRO,-0.010430638208374216,0.2
2024-05-01,LINREG,M2SL,-0.004012163821207517,0.2
2024-05-01,LINREG,OILPRICEX,-0.0023882181157302107,0.2
2024-05-01,LINREG,RPI,-0.01594784230292314,0.2
2024-05-01,LINREG,SP500,-0.06817818931969193,0.2
2024-05-01,LINREG,TB3MS,0.0001879283900542941,0.2
2024-05-01,LINREG,UNRATE_lag12,0.032368265609476116,0.2
2024-05-01,LINREG,USREC,0.03129368700064406,0.2
2024-06-01,LINREG,BUSLOANS,-0.07137440668873672,0.0
2024-06-01,LINREG,CPIAUCSL,-0.07986751013935593,0.0
2024-06-01,LINREG,DPCERA3M086SBEA,-0.049580916102902356,0.0
2024-06-01,LINREG,INDPRO,-0.006555388985213976,0.0
2024-06-01,LINREG,M2SL,-0.005274498640035213,0.0
2024-06-01,LINREG,OILPRICEX,0.007220160302887381,0.0
2024-06-01,LINREG,RPI,-0.022445440575283967,0.0
2024-06-01,LINREG,SP500,-0.07613668753391054,0.0
2024-06-01,LINREG,TB3MS,-0.0014692099385867365,0.0
2024-06-01,LINREG,UNRATE_lag12,0.032308998465709206,0.0
2024-06-01,LINREG,USREC,0.031242270583573425,0.0
2024-07-01,LINREG,BUSLOANS,-0.06273484623917669,0.0
2024-07-01,LINREG,CPIAUCSL,-0.08908161642986792,0.0
2024-07-01,LINREG,DPCERA3M086SBEA,-0.0834379419968571,0.0
2024-07-01,LINREG,INDPRO,0.013175853823239585,0.0
2024-07-01,LINREG,M2SL,0.00016949642841713176,0.0
2024-07-01,LINREG,OILPRICEX,0.009657081443980862,0.0
2024-07-01,LINREG,RPI,-0.015187887531283983,0.0
2024-07-01,LINREG,SP500,-0.17955202124295866,0.0
2024-07-01,LINREG,TB3MS,-0.008048727462303687,0.0
2024-07-01,LINREG,UNRATE_lag12,0.032235043453139475,0.0
2024-07-01,LINREG,USREC,0.031180546929214053,0.0
2024-08-01,LINREG,BUSLOANS,-0.04463468538572486,0.1
2024-08-01,LINREG,CPIAUCSL,-0.03750014777091331,0.1
2024-08-01,LINREG,DPCERA3M086SBEA,-0.02399239065418676,0.1
2024-08-01,LINREG,INDPRO,0.017974138435823652,0.1
2024-08-01,LINREG,M2SL,0.006195643179846719,0.1
2024-08-01,LINREG,OILPRICEX,0.0039791292721518285,0.1
2024-08-01,LINREG,RPI,0.009419001607073483,0.1
2024-08-01,LINREG,SP500,-0.07290678192932047,0.1
2024-08-01,LINREG,TB3MS,-0.03425869212502618,0.1
2024-08-01,LINREG,UNRATE_lag12,0.06247557971765079,0.1
2024-08-01,LINREG,USREC,0.03110654332887748,0.1
