{
  "mae": 0.6947523474946297,
  "n": 729,
  "r2": 0.299035075985684,
  "rmse": 1.1601181068029482
}